0.0339075,0.168766,0.756821,-0.00193763,0.00184894,0.000173177,0.225698,
0.0340608,0.168923,0.757059,0.00301939,-0.00194494,-0.0019932,0.0788045,
0.0361336,0.168559,0.757279,0.00238533,-0.0224142,0.00393329,0.0924805,
0.034325,0.168807,0.757571,0.00232523,0.0144022,-0.00197376,0.12558,
0.0349985,0.169228,0.757121,-0.0061306,-0.00917145,-0.00573815,0.0734339,
0.034831,0.16872,0.757073,-0.000470384,0.00165233,0.00500959,0.101372,
0.0345561,0.169048,0.757058,-0.000125125,0.0022198,-0.00264531,0.123854,
0.0346267,0.169237,0.757225,0.00219541,-0.000929889,-0.00248788,0.0759649,
0.03456,0.16949,0.757134,-0.000898872,0.000664,-0.00251459,0.100527,
0.0348276,0.168911,0.756855,-0.00204801,-0.00196511,0.00424657,0.136205,
0.0346505,0.169009,0.757103,0.00327402,0.00234199,-0.00129388,0.0756069,
0.0347469,0.168936,0.757178,0.000843489,-0.00107565,0.000816715,0.0896024,
0.0345099,0.168836,0.757099,-0.000632762,0.00188643,0.000791665,0.125659,
0.0344553,0.168747,0.75726,0.0021695,0.000735076,0.00120699,0.0742346,
0.0344939,0.168495,0.757506,0.00237255,-0.000372565,0.00243646,0.10353,
0.0343592,0.168484,0.757235,-0.00218842,0.00108807,8.6911e-05,0.123789,
0.0341595,0.169366,0.756999,-0.00304361,0.00258301,-0.0114182,0.0772961,
0.0347273,0.168764,0.757358,0.00491022,-0.00778277,0.00825832,0.0729547,
0.0348682,0.168329,0.757441,0.000972227,-0.00165318,0.00510891,0.0852172,
0.0343402,0.168836,0.757231,-0.00156,0.0039291,-0.00377335,0.134378,
0.0349038,0.168608,0.757396,0.00211675,-0.00720745,0.00291635,0.0781962,
0.0348093,0.168748,0.756921,-0.00516787,0.00102717,-0.00152231,0.0919928,
0.0349165,0.16869,0.757295,0.00308873,-0.000885277,0.000472074,0.121053,
0.0352161,0.169103,0.757681,0.00527463,-0.00409587,-0.00563867,0.0731466,
0.034538,0.168642,0.757189,-0.0046745,0.0064402,0.00438039,0.105285,
0.0343338,0.168365,0.757288,0.000792628,0.00163372,0.00221299,0.12498,
0.0347775,0.168725,0.757226,-0.000831164,-0.0059317,-0.00480469,0.0747959,
0.0347053,0.169286,0.757199,-0.000264507,0.000727919,-0.00565999,0.0991508,
0.0343729,0.168198,0.757396,0.00154358,0.0026117,0.00854625,0.127273,
0.0352287,0.16852,0.757282,-0.00148208,-0.0111349,-0.00419574,0.0768543,
0.0353015,0.168572,0.757474,0.00268238,-0.00101567,-0.000716563,0.0716399,
0.0353235,0.168153,0.757055,-0.00476218,-0.000250206,0.00476083,0.087889,
0.0351326,0.168794,0.756891,-0.00131428,0.00152609,-0.0051265,0.125034,
0.0350342,0.168409,0.757157,0.00352042,0.00130524,0.00510579,0.0754281,
0.0348551,0.169219,0.756958,-0.00192761,0.00174031,-0.0078709,0.102907,
0.0346519,0.169079,0.757456,0.0040689,0.0016595,0.00114757,0.122435,
0.0348805,0.169155,0.756859,-0.00806359,-0.00308631,-0.00103652,0.0740661,
0.0339864,0.168819,0.756892,0.000317126,0.00871282,0.0032745,0.102622,
0.0344918,0.169068,0.757101,0.00165702,-0.00400862,-0.00197164,0.126078,
0.0348203,0.169169,0.757083,-0.000237671,-0.00433709,-0.00132844,0.0757376,
0.0348058,0.168628,0.757332,0.00245328,0.000142129,0.0053292,0.101435,
0.0348007,0.169365,0.756971,-0.00298319,4.23623e-05,-0.00610226,0.12074,
0.0349272,0.16924,0.756989,0.000234922,-0.00172422,0.00170258,0.0733253,
0.0348524,0.168556,0.757352,0.00349832,0.000719235,0.00658445,0.103932,
0.0344358,0.169083,0.757327,-0.000199667,0.00337116,-0.00426439,0.123587,
0.0341752,0.168737,0.757091,-0.00308765,0.00340835,0.00452231,0.0764448,
0.0335023,0.16913,0.757441,0.00539906,0.0103862,-0.00606486,0.0647927,
0.0352589,0.168765,0.757156,-0.00290302,-0.0178503,0.00370615,0.0984097,
0.0345051,0.168959,0.757531,0.00528664,0.0106132,-0.00272325,0.0710299,
0.03502,0.169232,0.756854,-0.0059187,-0.00450456,-0.00238987,0.114321,
0.0347064,0.169345,0.757461,0.00921842,0.00477051,-0.00171423,0.0657509,
0.0349438,0.168439,0.757237,-0.00204821,-0.00217135,0.00828497,0.109332,
0.0346836,0.169379,0.757128,-0.00085143,0.00204384,-0.00739112,0.12727,
0.0345651,0.168932,0.757127,-1.34331e-05,0.00157201,0.00592536,0.0754318,
0.034693,0.168778,0.757119,-8.96309e-05,-0.00131745,0.00159064,0.0970901,
0.0349267,0.169186,0.75713,9.24629e-05,-0.00184991,-0.00322759,0.126348,
0.0348175,0.169158,0.757093,-0.000497174,0.00147362,0.000370467,0.0740901,
0.034198,0.16846,0.757185,0.000854957,0.0058116,0.00654777,0.106597,
0.0345567,0.169194,0.757493,0.0025235,-0.00293629,-0.00600398,0.122138,
0.0343305,0.168632,0.757295,-0.00257576,0.00293999,0.00729772,0.0769426,
0.0351928,0.168788,0.757411,0.00115918,-0.0085741,-0.00154899,0.100577,
0.0348975,0.168567,0.757443,0.000440535,0.00411754,0.00308021,0.0717094,
0.0348899,0.168718,0.757418,-0.000213458,6.69673e-05,-0.00132064,0.113927,
0.0343709,0.169036,0.75702,-0.00517752,0.00674822,-0.00413423,0.0769131,
0.0348249,0.169015,0.757009,-0.000112781,-0.00445112,0.000201311,0.102,
0.0349506,0.16807,0.757402,0.00320126,-0.00102382,0.00769621,0.122774,
0.0347707,0.168237,0.757036,-0.00482797,0.00237509,-0.00220489,0.0757532,
0.0352535,0.16849,0.757313,0.00285131,-0.0049726,-0.00260163,0.0971006,
0.0344341,0.16822,0.757379,0.000514342,0.00640529,0.00211223,0.127937,
0.0344297,0.169806,0.756762,-0.00783363,5.47631e-05,-0.020157,0.0787056,
0.0354155,0.168472,0.756995,0.00238036,-0.0100655,0.0136251,0.0979322,
0.0340771,0.169203,0.757083,0.000716589,0.0108868,-0.00595041,0.122937,
0.0355376,0.169629,0.757334,0.0030355,-0.0176596,-0.00514998,0.0827061,
0.0345963,0.16836,0.757054,-0.00296825,0.00995257,0.0134206,0.0945804,
0.0346568,0.169255,0.757013,-0.000321639,-0.000480005,-0.00710657,0.126014,
0.0345159,0.1688,0.757365,0.00465261,0.00186422,0.00602793,0.0755721,
0.0347475,0.169117,0.756924,-0.00447953,-0.00235352,-0.00322777,0.0984111,
0.0351112,0.168575,0.756854,-0.000558663,-0.00291557,0.00434553,0.124722,
0.0351857,0.168455,0.75715,0.00383381,-0.000965253,0.00156315,0.0772535,
0.0347402,0.16887,0.757363,0.00215063,0.00451195,-0.00420754,0.0987486,
0.0347067,0.169068,0.757342,-0.000166254,0.000269295,-0.00159319,0.124405,
0.0342206,0.16875,0.757209,-0.00173009,0.00632729,0.00414504,0.0768275,
0.0347874,0.168886,0.757146,-0.00064026,-0.00578756,-0.00138429,0.0979354,
0.0348176,0.168899,0.75675,-0.00534765,-0.000406954,-0.00017792,0.0741206,
0.0345914,0.169201,0.756989,0.00213618,0.00202128,-0.00270431,0.111889,
0.0343107,0.168227,0.757267,0.00411348,0.00415852,0.0144321,0.0674948,
0.0346598,0.168744,0.756889,-0.00344414,-0.0031828,-0.00471219,0.109686,
0.0348902,0.168984,0.756688,-0.00154385,-0.00177209,-0.00184212,0.129992,
0.0344432,0.169429,0.757028,0.00453249,0.00596037,-0.00594184,0.0749843,
0.034557,0.168642,0.757055,0.000275683,-0.00117196,0.00810457,0.0970769,
0.0344455,0.168991,0.757024,-0.000249119,0.000891059,-0.00278937,0.125134,
0.0346596,0.168478,0.756577,-0.00562862,-0.00269538,0.00645949,0.0794323,
0.0339737,0.169063,0.756978,0.00415475,0.00709331,-0.00605181,0.0966931,
0.0347829,0.169068,0.757288,0.00246553,-0.00644788,-3.30099e-05,0.125493,
0.0344019,0.169294,0.757156,-0.0017316,0.005,-0.00297046,0.0762098,
0.0340419,0.169223,0.756741,-0.00421294,0.00365598,0.000717846,0.0984559,
0.0353937,0.169062,0.757173,0.00338803,-0.0106128,0.00126256,0.127371,
0.0341297,0.168723,0.757426,0.00331399,0.0165162,0.00443008,0.0765294,
0.035149,0.168443,0.757208,-0.00229041,-0.0107047,0.00294673,0.0952203,
0.0349345,0.168566,0.756771,-0.00594015,0.00291659,-0.00167039,0.0735608,
0.0350161,0.168751,0.757067,0.00265544,-0.000733848,-0.00166688,0.111244,
0.034544,0.16923,0.756709,-0.00516878,0.00681981,-0.0069184,0.0692246,
0.0350081,0.169301,0.756954,0.00220719,-0.00417653,-0.000639093,0.111125,
0.0345826,0.168938,0.757306,0.00277845,0.00336282,0.00287018,0.126548,
0.0347542,0.169434,0.756906,-0.00520294,-0.00223454,-0.00645538,0.0768351,
0.0347223,0.168333,0.757507,0.00606071,0.000321859,0.0111008,0.0991917,
0.0348693,0.168374,0.757294,-0.00169952,-0.00116966,-0.000327496,0.125626,
0.0344248,0.168823,0.756933,-0.00471905,0.00581167,-0.00587407,0.0764785,
0.0344165,0.16911,0.757086,0.00132445,7.16466e-05,-0.0024807,0.115794,
0.0342839,0.169449,0.756736,-0.0031476,0.00119352,-0.00304825,0.111139,
0.034665,0.168598,0.757389,0.00842774,-0.00492,0.0109843,0.0774785,
0.0351331,0.168473,0.757206,-0.00186649,-0.00476204,0.00127647,0.098293,
0.035027,0.16912,0.7573,0.000751013,0.000848913,-0.00517853,0.125001,
0.0347382,0.16831,0.757277,-0.00028646,0.00370153,0.0103765,0.0780276,
0.0346282,0.168704,0.757291,0.000140899,0.00114055,-0.00408251,0.0964512,
0.0345677,0.169194,0.757026,-0.00209285,0.000476887,-0.00386483,0.126737,
0.0345434,0.168584,0.757117,0.00124985,0.000332691,0.00832146,0.0732984,
0.0347816,0.16906,0.756675,-0.00646867,-0.00348318,-0.00695406,0.0683982,
0.0354133,0.169272,0.756738,0.000654829,-0.00652271,-0.00219497,0.0968488,
0.0348458,0.169191,0.756778,0.000323023,0.00460384,0.000658499,0.12326,
0.0342819,0.168426,0.756972,0.0024283,0.0070478,0.00956423,0.0800193,
0.0343202,0.16943,0.757012,0.000404463,-0.000391044,-0.010253,0.0979993,
0.0341876,0.169183,0.757076,0.000518248,0.00106979,0.00199631,0.123983,
0.034923,0.169025,0.756897,-0.00233968,-0.00960304,0.00206337,0.0765794,
0.0341231,0.168532,0.757382,0.00475355,0.0078349,0.00482843,0.102092,
0.0348075,0.169131,0.756808,-0.00468692,-0.00558301,-0.00488786,0.122581,
0.034364,0.169255,0.756972,0.00215762,0.0058263,-0.00162095,0.0761075,
0.0341157,0.169516,0.757021,0.000474707,0.00240605,-0.00253177,0.103211,
0.0347553,0.169313,0.757093,0.000568856,-0.0050488,0.00159988,0.126679,
0.0342162,0.168925,0.756978,-0.00155378,0.00726233,0.00523388,0.0742285,
0.0346033,0.168686,0.756988,0.000144971,-0.00544174,0.0033559,0.0711289,
0.0344789,0.168657,0.757229,0.00266628,0.00137623,0.000324625,0.0903366,
0.0351897,0.16875,0.757242,0.000102567,-0.00574218,-0.000757699,0.12378,
0.0336937,0.168991,0.756811,-0.00576834,0.0200496,-0.00322327,0.0746151,
0.0344467,0.168788,0.75687,0.000567144,-0.00728167,0.00196166,0.103415,
0.0341892,0.169226,0.756633,-0.00189198,0.00205532,-0.00349586,0.125322,
0.0346359,0.168933,0.757158,0.00698087,-0.0059353,0.0038915,0.0752735,
0.0350225,0.168874,0.757236,0.000757266,-0.00377763,0.0005796,0.102323,
0.0347432,0.169127,0.757149,-0.000705943,0.00227926,-0.00206845,0.122512,
0.0340533,0.168958,0.756905,-0.00326452,0.00923728,0.00227044,0.0746947,
0.0349148,0.169212,0.757249,0.00326951,-0.00819621,-0.00241698,0.105117,
0.0344266,0.168723,0.757411,0.00133369,0.00401743,0.00402534,0.121517,
0.034273,0.168101,0.757113,-0.0040541,0.00208906,0.00845414,0.0735263,
0.0342261,0.168934,0.757301,0.00290968,0.000725579,-0.0128606,0.0647324,
0.0347179,0.169231,0.757311,9.9653e-05,-0.00495346,-0.00299529,0.0992882,
0.0347029,0.168563,0.757635,0.00232705,0.000108015,0.00480841,0.138955,
0.034426,0.168886,0.7569,-0.00956732,0.00360638,-0.00421166,0.0767726,
0.0346766,0.1686,0.757226,0.00373931,-0.00287381,0.00328223,0.0872078,
0.0339855,0.168983,0.757272,0.000364603,0.00546901,-0.00303073,0.126369,
0.0348996,0.169174,0.756817,-0.00612161,-0.0122984,-0.00257706,0.0743305,
0.03458,0.169414,0.756993,0.00174497,0.00317119,-0.00237162,0.1008,
0.0346996,0.168967,0.757198,0.00161716,-0.000942749,0.00351717,0.126864,
0.0348544,0.16882,0.756973,-0.00292586,-0.00200785,0.00190528,0.0771069,
0.0344021,0.169077,0.757107,0.00138791,0.00466211,-0.00264848,0.0970143,
0.0348093,0.168981,0.757213,0.000774422,-0.00298038,0.000708214,0.136616,
0.0346077,0.168588,0.757079,-0.00172442,0.00258248,0.00502645,0.0780477,
0.0342795,0.168837,0.756988,-0.000989676,0.00358051,-0.00271364,0.0916646,
0.0344598,0.16911,0.756823,-0.00133015,-0.00145294,-0.00219577,0.124081,
0.0340038,0.169169,0.756851,0.000364065,0.0058637,-0.000763195,0.0777669,
0.0346336,0.168655,0.757134,0.00422007,-0.00940326,0.00766678,0.0669765,
0.0355189,0.168817,0.757006,-0.00138049,-0.00954991,-0.00174555,0.0926997,
0.0340687,0.169021,0.75716,0.00125975,0.0118244,-0.00165901,0.12264,
0.0350155,0.168737,0.75743,0.00353726,-0.0124357,0.00372086,0.0761306,
0.0344316,0.168876,0.756981,-0.00433496,0.00564848,-0.00134163,0.103371,
0.0350172,0.169238,0.757158,0.0014208,-0.0047063,-0.00290818,0.124428,
0.0349992,0.168491,0.75707,-0.00115512,0.000235903,0.00978148,0.0763683,
0.0344646,0.168279,0.757357,0.00283859,0.00528088,0.00209096,0.101231,
0.0344061,0.169146,0.756791,-0.00451399,0.000466198,-0.00690603,0.125455,
0.0346661,0.169355,0.756801,0.000133661,-0.00342913,-0.00275989,0.0758099,
0.0347426,0.16847,0.756785,-0.000159572,-0.000761897,0.00881161,0.100479,
0.0340684,0.168906,0.757161,0.00295862,0.00530894,-0.00343956,0.127001,
0.0344388,0.168969,0.756989,-0.00222801,-0.00479314,-0.000807452,0.0772876,
0.034553,0.169021,0.75679,-0.00292345,-0.00168267,-0.000767549,0.0678323,
0.0345847,0.169059,0.757279,0.00544778,-0.000354102,-0.000424093,0.0897388,
0.0342848,0.169076,0.756986,-0.00230275,0.00235359,-0.000138104,0.127428,
0.0342213,0.169495,0.756719,-0.00355559,0.000846719,-0.0055812,0.0749837,
0.0349022,0.168168,0.757158,0.00435995,-0.00676979,0.0131942,0.100577,
0.0353694,0.169091,0.75733,0.00137652,-0.00374138,-0.0073913,0.12488,
0.035384,0.168663,0.756896,-0.00557192,-0.000187583,0.00549815,0.0777695,
0.0344758,0.168975,0.757059,0.00165214,0.0092417,-0.00317191,0.0982744,
0.0347522,0.169105,0.757085,0.000207296,-0.00220006,-0.0010315,0.125652,
0.0347794,0.168509,0.756599,-0.00623248,-0.000348555,0.0076443,0.0779142,
0.0352403,0.169337,0.756886,0.00296755,-0.00476831,-0.00857117,0.0966513,
0.0343773,0.169119,0.757124,0.00159313,0.00576926,0.00145774,0.14958,
0.0352126,0.168751,0.757102,-0.00028612,-0.0105799,0.0046687,0.0789535,
0.0349572,0.169067,0.757089,-0.000164466,0.00329383,-0.00407495,0.0775565,
0.0351375,0.169149,0.757293,0.00172049,-0.0015214,-0.000696796,0.118517,
0.0351592,0.168781,0.757155,-0.00108482,-0.000170972,0.00290254,0.126811,
0.0344858,0.169302,0.756749,-0.00508406,0.0084184,-0.00650298,0.0799917,
0.0339712,0.169927,0.757076,0.0034059,0.00535097,-0.00650019,0.0961647,
0.0350671,0.169054,0.757257,0.00143807,-0.00873192,0.00695431,0.125504,
0.0347061,0.168728,0.757038,-0.00277301,0.00458444,0.00413869,0.0787347,
0.0347159,0.168294,0.757129,0.000960838,-0.000102925,0.00457057,0.094974,
0.0345756,0.168584,0.756974,-0.00216519,0.00195527,-0.00404613,0.0717671,
0.0346818,0.168579,0.757208,0.00276329,-0.00125388,6.79035e-05,0.0847062,
0.0344793,0.168175,0.757264,0.000652775,0.00237452,0.0047314,0.0852832,
0.0345758,0.168345,0.757118,-0.00115519,-0.000763319,-0.00134241,0.126465,
0.0347264,0.168792,0.757398,0.00367951,-0.00197442,-0.00586861,0.0762653,
0.035274,0.169399,0.756796,-0.00594038,-0.00540076,-0.00598124,0.101392,
0.0347271,0.169074,0.757147,0.00283465,0.00441819,0.00262628,0.123787,
0.0346282,0.169529,0.756764,-0.00512566,0.00132365,-0.00609888,0.0747027,
0.0347602,0.168712,0.75675,-0.000199235,-0.00191095,0.0118217,0.0691077,
0.0347753,0.169558,0.75734,0.00627292,-0.000159959,-0.00898637,0.0940877,
0.0350698,0.169006,0.757189,-0.00201558,-0.00391897,0.00734922,0.0751423,
0.0339542,0.168727,0.757279,0.000856328,0.0106284,0.00265927,0.104964,
0.0344179,0.16828,0.756925,-0.00515414,-0.00674584,0.00649709,0.0687389,
0.03459,0.169121,0.757185,0.00233308,-0.00154336,-0.00753843,0.111515,
0.0338709,0.169206,0.756851,-0.00448669,0.00966276,-0.0011487,0.0744213,
0.0348034,0.168914,0.75721,0.00424502,-0.0110253,0.00345454,0.0845834,
0.0343562,0.169476,0.757119,-0.00108076,0.0053038,-0.00666377,0.084325,
0.0338094,0.169001,0.756777,-0.00485469,0.00777429,0.00675105,0.070327,
0.0348575,0.168634,0.756804,0.000227727,-0.00891845,0.00312389,0.11752,
0.0352171,0.169157,0.756846,0.000519939,-0.00451295,-0.00656152,0.0796732,
0.0340431,0.168791,0.757326,0.00485495,0.0118526,0.00368905,0.0990516,
0.0352888,0.16879,0.756988,-0.00277883,-0.0102212,1.13706e-05,0.121876,
0.0353553,0.168764,0.757178,0.00256576,-0.000899325,0.000343175,0.0739901,
0.0353995,0.168913,0.756901,-0.00272309,-0.000434087,-0.00145821,0.101738,
0.0348444,0.168625,0.757042,0.00111414,0.00438924,0.00227634,0.12647,
0.0354164,0.169127,0.757228,0.00249946,-0.0076778,-0.00674411,0.074498,
0.0345274,0.169595,0.756911,-0.00312216,0.00876325,-0.00461053,0.101449,
0.0350698,0.168655,0.756995,0.000678285,-0.0043655,0.00756799,0.124256,
0.0342428,0.169543,0.757255,0.00337579,0.0107475,-0.0115484,0.0769471,
0.0350429,0.169112,0.757291,0.000359969,-0.00794696,0.00428085,0.100674,
0.0349206,0.169332,0.757119,-0.0013869,0.000986565,-0.00177403,0.123903,
0.0341277,0.168106,0.757019,-0.00127432,0.0100488,0.0155411,0.0789074,
0.034592,0.168893,0.757124,0.00106356,-0.00471498,-0.00799517,0.0984667,
0.0345148,0.168791,0.756805,-0.00252884,0.000611534,0.00080896,0.126123,
0.0348472,0.168719,0.756823,0.00023187,-0.00430954,0.000938686,0.0771183,
0.0341011,0.169179,0.757018,0.00197489,0.00754595,-0.00465072,0.0988739,
0.0349186,0.169428,0.757026,6.23047e-05,-0.00633033,-0.00193122,0.12915,
0.0345881,0.169478,0.756732,-0.00384724,0.00432547,-0.000653298,0.0764106,
0.0343869,0.168517,0.756946,0.00317992,0.00298786,0.0142625,0.0673475,
0.0344518,0.168954,0.756804,-0.00158347,-0.000725425,-0.00488704,0.0894368,
0.0343364,0.168404,0.757581,0.0062105,0.000922709,0.00440393,0.125045,
0.0349358,0.168631,0.757055,-0.00671495,-0.0076494,-0.00290337,0.078361,
0.0342114,0.168407,0.756706,-0.00306362,0.00636705,0.0019682,0.113776,
0.0355705,0.168549,0.756872,0.00154797,-0.0126917,-0.00132769,0.107082,
0.0348067,0.168753,0.756969,0.00130856,0.0102931,-0.00274785,0.0742008,
0.0342462,0.168591,0.756758,-0.00200661,0.00533149,0.00153969,0.105123,
0.0347352,0.169129,0.756761,2.44919e-05,-0.00393977,-0.0043269,0.124116,
0.0351445,0.168922,0.757082,0.00404959,-0.00516035,0.00260785,0.0793042,
0.0346152,0.169068,0.75705,-0.000334194,0.00547473,-0.00151697,0.0966677,
0.0346751,0.169038,0.756922,-0.00169766,-0.000793238,0.000398567,0.0755213,
0.0347523,0.168726,0.756883,-0.000349876,-0.000701175,0.00283855,0.110052,
0.0341488,0.168527,0.75679,-0.00135283,0.00876391,0.00289261,0.0688646,
0.0346615,0.169176,0.757041,0.0022984,-0.0046936,-0.00594041,0.10923,
0.0346641,0.169582,0.757452,0.00328216,-2.06593e-05,-0.00325155,0.125142,
0.0345257,0.16873,0.75659,-0.0113266,0.00181909,0.0112044,0.0760566,
0.034094,0.168826,0.757229,0.00632118,0.00427204,-0.000944549,0.101045,
0.0343873,0.168196,0.756692,-0.00425531,-0.00232242,0.00498927,0.12626,
0.0348788,0.168686,0.756717,0.000336664,-0.00659483,-0.00657694,0.0745359,
0.0348112,0.169078,0.756818,0.00100317,0.00066911,-0.00388086,0.101067,
0.0346958,0.168875,0.75713,0.00247075,0.000915738,0.00161164,0.125976,
0.0350497,0.168436,0.757186,0.000742643,-0.00468497,0.00582118,0.0755249,
0.0350583,0.168395,0.75722,0.00033529,-8.55227e-05,0.000399303,0.100796,
0.0343584,0.168901,0.75709,-0.00104312,0.00562889,-0.00406558,0.124338,
0.0347488,0.168681,0.757269,0.00240951,-0.00524155,0.00294507,0.0744838,
0.0342036,0.168819,0.756795,-0.00663181,0.007628,-0.00192399,0.0714701,
0.0345304,0.16905,0.757166,0.0040582,-0.00357752,-0.0025243,0.0913266,
0.0338389,0.169187,0.756933,-0.00185702,0.00550835,-0.00109541,0.125531,
0.0348642,0.169396,0.756912,-0.000268016,-0.0131348,-0.00268073,0.0780596,
0.0341576,0.168887,0.757103,0.0019322,0.00714243,0.00515103,0.0989297,
0.0346739,0.168805,0.757037,-0.000538221,-0.00420798,0.00066549,0.122704,
0.0352277,0.168521,0.756723,-0.00396034,-0.00699282,0.0035844,0.0791952,
0.0354101,0.168564,0.757357,0.00637621,-0.00183435,-0.000432643,0.0994344,
0.0349299,0.16925,0.756745,-0.00490399,0.00384222,-0.00548879,0.124983,
0.0347757,0.168799,0.757072,0.00437591,0.00206096,0.00603499,0.0748343,
0.0353917,0.168836,0.7569,-0.00168061,-0.0060143,-0.000367779,0.102426,
0.0344881,0.168832,0.756717,-0.00146284,0.00722853,3.2542e-05,0.125008,
0.0347634,0.169466,0.756659,-0.000755809,-0.00361464,-0.00832368,0.0761807,
0.0348487,0.168668,0.757159,0.00490842,-0.000838131,0.00784717,0.101701,
0.0350288,0.168748,0.75719,0.000434911,-0.00250883,-0.00110865,0.0718144,
0.0348818,0.168976,0.757331,0.00123898,0.00128722,-0.00200055,0.114208,
0.0349802,0.168799,0.757149,-0.002388,-0.00128849,0.00232084,0.076328,
0.0347906,0.168887,0.757077,-0.000744788,0.00196775,-0.000914128,0.096355,
0.0351773,0.168587,0.757203,0.000915097,-0.00282031,0.00218928,0.137109,
0.0342557,0.168781,0.75697,-0.00305824,0.0121303,-0.00255887,0.0759714,
0.0351889,0.16841,0.757189,0.00249697,-0.0106693,0.00425146,0.0874625,
0.0344454,0.169486,0.757349,0.00115793,0.00538921,-0.00780361,0.137953,
0.0352568,0.168721,0.756777,-0.00754882,-0.0107261,0.0101166,0.0756505,
0.0346543,0.168567,0.757232,0.00494464,0.00655112,0.00167019,0.091975,
0.034659,0.168862,0.75698,-0.00204954,-3.77039e-05,-0.00238876,0.123307,
0.034422,0.168718,0.757134,0.00208035,0.00319964,0.00194454,0.0740636,
0.0345969,0.168856,0.757559,0.00420666,-0.0017278,-0.00136772,0.101224,
0.0348144,0.169314,0.756715,-0.0115462,-0.00297494,-0.00625835,0.0731135,
0.0346289,0.168961,0.757337,0.00567958,0.00169465,0.00322505,0.109458,
0.0342295,0.16922,0.756834,-0.00734027,0.00582755,-0.00378514,0.0685428,
0.0347917,0.168868,0.756605,-0.00200504,-0.00493535,0.003088,0.113916,
0.0353358,0.169269,0.75705,0.00581942,-0.00711886,-0.00523518,0.0764388,
0.0339978,0.168813,0.757014,-0.000359361,0.0131173,0.00446397,0.102006,
0.0341598,0.168683,0.756795,-0.00326259,-0.00241881,0.00194336,0.0669928,
0.0340873,0.169355,0.756584,-0.00181752,0.000625831,-0.00579192,0.115962,
0.0346627,0.169288,0.757188,0.00817642,-0.00779831,0.000905843,0.0737949,
0.0348871,0.168814,0.757231,0.000499486,-0.00257255,0.00542773,0.0872316,
0.0347671,0.169181,0.756911,-0.00408141,0.00153053,-0.00467234,0.0784232,
0.034907,0.168947,0.756699,-0.00164956,-0.00108854,0.00182126,0.128528,
0.0354864,0.168652,0.756953,0.00344141,-0.00784393,0.00399494,0.0738691,
0.034551,0.169058,0.756856,-0.000949849,0.00910614,-0.00395708,0.102725,
0.0352496,0.168968,0.757329,0.00381995,-0.00563617,0.000729075,0.123939,
0.0347925,0.168843,0.756805,-0.00712207,0.00621545,0.0016954,0.0735301,
0.0352262,0.169168,0.756909,0.00156788,-0.00654029,-0.00490593,0.0662998,
0.0351065,0.16944,0.756848,-0.000641587,0.001255,-0.00285228,0.0953173,
0.0346365,0.168881,0.756828,-0.000153377,0.00353654,0.00420857,0.132906,
0.0342172,0.168916,0.757015,0.00246055,0.00550839,-0.000463605,0.0761122,
0.0343119,0.16831,0.757162,0.00153611,-0.000987939,0.00632884,0.0958417,
0.0345607,0.168958,0.757253,0.000698666,-0.00191177,-0.00498343,0.130101,
0.034173,0.168787,0.757352,0.00124015,0.00488184,0.00215713,0.0793989,
0.034397,0.169559,0.756813,-0.00584494,-0.0024319,-0.00838382,0.0921052,
0.0344625,0.169134,0.75701,0.00156469,-0.000520537,0.00338385,0.12567,
0.034252,0.168813,0.756865,-0.00188912,0.00273712,0.00416525,0.0768911,
0.0343927,0.168154,0.75698,0.00117029,-0.00142487,0.00667936,0.0987564,
0.0345946,0.169072,0.756125,-0.00680589,-0.00160661,-0.00731021,0.125666,
0.0348479,0.169465,0.757046,0.0121325,-0.00333869,-0.00516945,0.0758685,
0.0342136,0.168714,0.757378,0.00285777,0.00544811,0.00644522,0.116424,
0.0346778,0.168554,0.756949,-0.00403255,-0.00436212,0.00150436,0.106422,
0.0347239,0.168419,0.756984,0.000437002,-0.000580322,0.00170652,0.0793816,
0.0343475,0.169081,0.756855,-0.00171207,0.00499205,-0.00878502,0.075408,
0.0349422,0.169533,0.756793,-0.000750092,-0.00724564,-0.00550915,0.0820854,
0.0346351,0.168604,0.75701,0.00170478,0.00241344,0.00730069,0.127266,
0.0338949,0.16872,0.756696,-0.00406172,0.00958211,-0.00149537,0.0772478,
0.0341901,0.169185,0.757015,0.00316115,-0.00293246,-0.00462375,0.100669,
0.0344158,0.168538,0.756762,-0.00205892,-0.00184316,0.00528586,0.122485,
0.034434,0.16976,0.756648,-0.0015042,-0.000238501,-0.0160375,0.0762394,
0.035442,0.168724,0.75714,0.0047881,-0.00979921,0.010077,0.102862,
0.034274,0.169029,0.756892,-0.00353765,0.0166764,-0.00435015,0.0700399,
0.033987,0.16833,0.756941,0.000413378,0.00243653,0.00593212,0.117803,
0.0344421,0.169632,0.756647,-0.00381309,-0.00589393,-0.01687,0.0772201,
0.0339512,0.169872,0.756674,0.000273717,0.00492156,-0.00239831,0.0997342,
0.0340985,0.169305,0.756901,0.00184695,-0.00120014,0.00461666,0.122665,
0.0342642,0.168485,0.756868,-0.000424875,-0.00216362,0.0107108,0.0765969,
0.0344023,0.169094,0.757128,0.00244963,-0.00130094,-0.00574121,0.106137,
0.0347581,0.16827,0.75682,-0.00258208,-0.00298218,0.00691103,0.119321,
0.035573,0.168487,0.757069,0.00316929,-0.010386,-0.00276496,0.0784626,
0.0346642,0.16927,0.757104,0.000358183,0.00931955,-0.0080313,0.0975153,
0.0347142,0.168619,0.756908,-0.00160087,-0.000409465,0.00533516,0.122049,
0.0348606,0.168825,0.756968,0.000821673,-0.0020084,-0.00282619,0.0729033,
0.0346478,0.169153,0.756541,-0.00398881,0.0019889,-0.00306708,0.107007,
0.0345834,0.168756,0.756993,0.00360791,0.000513983,0.00316787,0.125193,
0.0354791,0.169044,0.757147,0.00208057,-0.0121224,-0.00389491,0.0738839,
0.0354252,0.169054,0.7565,-0.0062742,0.000522393,-0.000100474,0.103074,
0.0349498,0.168398,0.75671,0.00171347,0.00387801,0.00535362,0.122586,
0.0339923,0.169794,0.756655,-0.000757519,0.0131841,-0.0192258,0.0726254,
0.0337321,0.16851,0.757154,0.00489361,0.00255127,0.0125872,0.102021,
0.034321,0.169104,0.75648,-0.00935412,-0.0081725,-0.00824285,0.0720612,
0.0353078,0.1685,0.756772,0.00265287,-0.00895836,0.00548618,0.110161,
0.0347426,0.168863,0.756878,0.0016164,0.00865502,-0.00556522,0.0653054,
0.0353301,0.16885,0.756959,0.000688521,-0.00498265,0.000113995,0.117907,
0.03485,0.168676,0.757035,0.000610102,0.00386955,0.00139723,0.124074,
0.0345782,0.168533,0.756713,-0.00415359,0.00350827,0.00185484,0.0774765,
0.0340331,0.168903,0.756798,0.000873603,0.00557154,-0.00378896,0.0978397,
0.0347209,0.168969,0.756692,-0.00149657,-0.00965346,-0.000919357,0.0712514,
0.0344509,0.168669,0.756818,0.00114475,0.00244359,0.00271353,0.110488,
0.0349192,0.169604,0.756507,-0.00460764,-0.00692523,-0.0138227,0.0676167,
0.0336491,0.16918,0.756614,0.000932942,0.0110499,0.00368367,0.114936,
0.0347331,0.168424,0.756886,0.00210216,-0.00837992,0.00584959,0.129351,
0.0343799,0.168905,0.75673,-0.00209764,0.00476554,-0.00649119,0.0741065,
0.0347859,0.169299,0.756799,0.000717345,-0.00423406,-0.0041092,0.0958865,
0.0343431,0.169315,0.756818,0.000149683,0.00348593,-0.000127629,0.127028,
0.0342703,0.168671,0.757096,0.00372006,0.000976576,0.00864051,0.0745687,
0.0339668,0.168891,0.756761,-0.00326358,0.00295603,-0.0021451,0.102678,
0.0345198,0.168826,0.757042,0.00218764,-0.00430476,0.000505617,0.128465,
0.0342384,0.168965,0.75722,0.00236113,0.00372821,-0.00183955,0.0754799,
0.0347054,0.168511,0.756838,-0.00394501,-0.00482094,0.00468501,0.096878,
0.0346974,0.168732,0.756913,0.000603908,6.3996e-05,-0.00175922,0.125445,
0.0342061,0.168396,0.757148,0.0031105,0.0065252,0.00446149,0.0752891,
0.0342426,0.168515,0.756865,-0.00279707,-0.000360609,-0.00118258,0.101157,
0.0347391,0.168979,0.756687,-0.00142997,-0.00400626,-0.00374208,0.123922,
0.0349547,0.169111,0.756833,0.00195078,-0.00289883,-0.00177253,0.0743996,
0.0342737,0.168734,0.757522,0.00667852,0.00659675,0.00365203,0.103242,
0.0344085,0.168944,0.756936,-0.00481993,-0.001108,-0.00172922,0.121684,
0.0355303,0.169183,0.757119,0.00249116,-0.0152577,-0.00324365,0.0735261,
0.0345981,0.169238,0.756886,-0.00314092,0.0125732,-0.000744431,0.0741424,
0.0341677,0.168827,0.756589,-0.00329525,0.0047749,0.00456337,0.0901508,
0.0345997,0.168734,0.757125,0.0042084,-0.00339331,0.000729998,0.127313,
0.0352921,0.168706,0.757168,0.000583693,-0.00931363,0.000377637,0.0743408,
0.0345004,0.169004,0.757468,0.00294825,0.00777571,-0.00292996,0.101813,
0.0347033,0.168846,0.75649,-0.00774939,-0.00160706,0.00125127,0.126233,
0.0342228,0.169097,0.756867,0.00510337,0.00650346,-0.00340251,0.0738727,
0.0355555,0.168683,0.75672,-0.00139822,-0.0127239,0.0039582,0.10474,
0.0343102,0.169247,0.756677,-0.000613529,0.0176562,-0.00799468,0.0705312,
0.0346661,0.168936,0.756719,0.000362462,-0.0031003,0.00270821,0.114782,
0.0347985,0.168993,0.756885,0.00215515,-0.001721,-0.000746326,0.0769691,
0.0351215,0.169029,0.757029,0.00150419,-0.00337475,-0.000369976,0.0956959,
0.0346034,0.169301,0.756339,-0.00551356,0.0041442,-0.00217777,0.125024,
0.034498,0.168897,0.756712,0.00477312,0.00134773,0.00516408,0.0781722,
0.0347565,0.168706,0.756837,0.00125098,-0.0025913,0.00191246,0.0997718,
0.0348867,0.168679,0.757337,0.00398031,-0.00103691,0.000220983,0.125489,
0.0350933,0.168574,0.756656,-0.00906504,-0.00275061,0.00139177,0.0751285,
0.0352015,0.168595,0.756826,0.00166976,-0.00106292,-0.000204622,0.101806,
0.034407,0.169281,0.756723,-0.000820617,0.00632653,-0.005465,0.125584,
0.0345455,0.168801,0.756838,0.00150313,-0.00180487,0.00626187,0.07673,
0.0347081,0.169566,0.756772,-0.000662661,-0.00162446,-0.00764144,0.100112,
0.035135,0.168965,0.756676,-0.000770253,-0.0034582,0.0048643,0.123426,
0.034538,0.168987,0.75676,0.00109044,0.00777337,-0.000280177,0.0767988,
0.0346847,0.168708,0.756921,0.00159639,-0.00145447,0.00276133,0.100847,
0.0344843,0.168932,0.756734,-0.00150289,0.00160616,-0.00179104,0.124731,
0.0350155,0.168919,0.756952,0.00277889,-0.00675328,0.000162171,0.0786538,
0.0341362,0.16841,0.757119,0.00169971,0.00898119,0.00520368,0.0979087,
0.0345976,0.169064,0.756685,-0.00345033,-0.00366997,-0.0052069,0.125745,
0.0349896,0.16879,0.757085,0.00532933,-0.00522251,0.0036527,0.0750464,
0.0346452,0.168557,0.756862,-0.00306382,0.0047284,0.00320416,0.0728372,
0.0355395,0.16894,0.756994,0.00150614,-0.0101428,-0.00434874,0.0881719,
0.0345506,0.169156,0.756899,-0.000752373,0.00778687,-0.00170141,0.126993,
0.0350972,0.16954,0.756875,-0.000317474,-0.00726039,-0.00508929,0.0752863,
0.0342458,0.169172,0.756914,0.000387312,0.00843356,0.00364286,0.100954,
0.0352487,0.168986,0.756807,-0.000880416,-0.00821633,0.00152242,0.122064,
0.0349451,0.168665,0.757085,0.00376411,0.00410333,0.00433078,0.0739968,
0.0351746,0.169227,0.75648,-0.00574677,-0.00218002,-0.00533138,0.105285,
0.0347477,0.169507,0.756786,0.00247725,0.00346026,-0.00226952,0.123384,
0.034018,0.16863,0.756687,-0.00135449,0.0100128,0.0120338,0.0728728,
0.0342104,0.168913,0.75687,0.00170413,-0.00179335,-0.00263827,0.107308,
0.0343916,0.169789,0.757056,0.00152133,-0.00148519,-0.00717938,0.121966,
0.0347366,0.168346,0.756417,-0.00853461,-0.00461025,0.0192809,0.0748322,
0.035265,0.168913,0.756792,0.00474425,-0.0066865,-0.00717483,0.0790247,
0.0339993,0.168669,0.757013,0.00271024,0.0154955,0.00298243,0.0816796,
0.0349632,0.168668,0.756695,-0.00249683,-0.00756527,1.25146e-05,0.127405,
0.0352819,0.16917,0.756757,0.00075534,-0.00386858,-0.00609535,0.0823831,
0.0340994,0.169139,0.756709,-0.000525802,0.0127519,0.000336822,0.092728,
0.0342119,0.169044,0.756938,0.00178317,-0.000872905,0.000731036,0.128825,
0.0348352,0.169476,0.75664,-0.00380269,-0.00794138,-0.00549902,0.0784971,
0.0348115,0.169029,0.757117,0.00497089,0.000246768,0.00464884,0.0960579,
0.034447,0.168803,0.756987,-0.0010422,0.00291698,0.00181372,0.124962,
0.0353579,0.168871,0.756531,-0.00603172,-0.0120385,-0.000903536,0.0756655,
0.0347842,0.16913,0.757153,0.00606829,0.00559147,-0.00252279,0.102604,
0.0346527,0.168836,0.757105,-0.000674837,0.00183552,0.00409874,0.0716312,
0.0343056,0.169407,0.756889,-0.00192059,0.0030878,-0.0050721,0.112438,
0.0348521,0.16914,0.756706,-0.00226447,-0.00678306,0.00330424,0.0805705,
0.033965,0.168954,0.756917,0.00221767,0.00933082,0.00196656,0.0950644,
0.0345014,0.168452,0.756856,-0.000492045,-0.00427419,0.00399905,0.125498,
0.034423,0.169029,0.756788,-0.000857524,0.00098928,-0.0072835,0.0793085,
0.0345363,0.169,0.756286,-0.0051587,-0.00116507,0.000297605,0.0972864,
0.0352089,0.168318,0.757068,0.00628184,-0.00540088,0.00547807,0.124526,
0.0348005,0.169182,0.756519,-0.00694805,0.00516501,-0.0109279,0.0790691,
0.035142,0.168682,0.756637,0.00121217,-0.00349394,0.00511605,0.0977538,
0.0348097,0.169094,0.75675,0.000902249,0.002655,-0.00329107,0.125188,
0.0342863,0.168523,0.756553,-0.00257914,0.00686029,0.00749248,0.076287,
0.0348223,0.168922,0.756624,0.000703972,-0.00532364,-0.00397042,0.100672,
0.0355925,0.168723,0.756891,0.00214383,-0.00617966,0.00159819,0.12464,
0.0351864,0.169183,0.756643,-0.00312125,0.00510057,-0.00577682,0.0796129,
0.034645,0.168968,0.756958,0.00318651,0.00548041,0.0021713,0.0987828,
0.0355192,0.168225,0.757289,0.00425857,-0.0112176,0.00953379,0.0779319,
0.034513,0.168759,0.756773,-0.00481987,0.00939337,-0.00498082,0.107118,
0.0343091,0.168609,0.75685,0.000997764,0.00266103,0.0019512,0.0766441,
0.0345941,0.168266,0.757028,0.0018231,-0.00290882,0.00350995,0.097984,
0.0348916,0.168878,0.756435,-0.00477827,-0.00239417,-0.00492684,0.124267,
0.0341784,0.168791,0.756771,0.00450844,0.00956211,0.00116826,0.0745911,
0.0350798,0.169366,0.756988,0.00215956,-0.00897533,-0.00572931,0.100438,
0.0350588,0.16876,0.756869,-0.000859315,0.000152072,0.00437878,0.13831,
0.0344562,0.168816,0.757144,0.00356823,0.00782413,-0.000716781,0.0770233,
0.0345565,0.168458,0.757232,0.00103129,-0.00116683,0.00415722,0.0860007,
0.0345878,0.169191,0.75669,-0.00418386,-0.000240931,-0.00565001,0.129727,
0.0345764,0.168926,0.757065,0.00502203,0.000152326,0.00355352,0.074713,
0.034549,0.16891,0.756645,-0.00425289,0.000277762,0.000160381,0.0987644,
0.0342388,0.168478,0.75675,0.000828931,0.00245248,0.00341363,0.126482,
0.0346819,0.168568,0.756629,-0.00163916,-0.00600888,-0.00121926,0.0737441,
0.034522,0.168458,0.757118,0.00472856,0.0015446,0.00106181,0.103527,
0.0340499,0.168722,0.756647,-0.00374044,0.0037489,-0.0020974,0.125936,
0.0351707,0.168955,0.756514,-0.00171181,-0.0143579,-0.00298823,0.0780655,
0.034829,0.169202,0.757183,0.00968734,0.00494199,-0.00356142,0.0691456,
0.0347549,0.168604,0.756765,-0.0047331,0.000836988,0.00675281,0.0885047,
0.0347478,0.168954,0.756738,-0.000212143,5.70284e-05,-0.0027997,0.125029,
0.0341969,0.169088,0.757055,0.00403389,0.00700314,-0.00170402,0.0786673,
0.034605,0.168993,0.756773,-0.0028594,-0.00412644,0.000966141,0.0989102,
0.0346655,0.168832,0.756903,0.00181769,-0.000844811,0.00224714,0.0716165,
0.035225,0.168847,0.756802,-0.000900968,-0.00500138,-0.000133334,0.11187,
0.0346192,0.168071,0.756767,-0.000446707,0.00776086,0.00993217,0.0780573,
0.0345552,0.167983,0.756621,-0.00139223,0.000609385,0.000836871,0.105019,
0.0349872,0.169255,0.756611,-8.25283e-05,-0.00366928,-0.0108044,0.117724,
0.0338456,0.169365,0.756614,3.19132e-05,0.0149084,-0.00142967,0.0765763,
0.0343729,0.168928,0.756678,0.000642906,-0.00524272,0.00434154,0.100592,
0.0343146,0.169049,0.756748,0.00055752,0.000463427,-0.000963591,0.12594,
0.0343913,0.168746,0.756875,0.00161238,-0.000980354,0.00388465,0.0782219,
0.0352701,0.16897,0.756775,-0.00100119,-0.00887131,-0.00227012,0.0990647,
0.0344638,0.169228,0.756916,0.00114083,0.00653125,-0.00208541,0.123459,
0.0340169,0.168538,0.756868,-0.000631019,0.00582615,0.00899533,0.0766997,
0.0340904,0.168893,0.756615,-0.00258622,-0.000753412,-0.00364234,0.0975809,
0.034583,0.168822,0.756713,0.000759086,-0.00385068,0.00056151,0.127912,
0.0352687,0.168953,0.756998,0.00383824,-0.00923177,-0.00176524,0.074276,
0.0342482,0.169056,0.756664,-0.00326532,0.00998598,-0.00101101,0.102185,
0.0342283,0.168998,0.756911,0.00195841,0.000158418,0.000458782,0.126184,
0.0343312,0.169382,0.757213,0.00381409,-0.00129936,-0.00484812,0.0792158,
0.0351045,0.169316,0.756877,-0.00360325,-0.00828577,0.000705705,0.0933295,
0.035096,0.168745,0.756891,0.000110169,6.5834e-05,0.00445207,0.128224,
0.0350708,0.169228,0.756539,-0.00464468,0.000332268,-0.00635649,0.0758808,
0.0347607,0.168651,0.756798,0.00386942,0.00462426,0.00859843,0.0670692,
0.0348096,0.16898,0.756711,-0.000958843,-0.000538324,-0.00361796,0.0908825,
0.0349072,0.169199,0.756844,0.00105274,-0.000773086,-0.00173261,0.126202,
0.0344655,0.168763,0.756622,-0.00301278,0.00601156,0.00592335,0.0734776,
0.034364,0.169021,0.757072,0.0044167,0.000997109,-0.00253079,0.101809,
0.0345202,0.168737,0.756742,-0.00259216,-0.00122706,0.00223344,0.127319,
0.0352503,0.168612,0.757227,0.00653848,-0.00983845,0.0016804,0.0742131,
0.0341965,0.168877,0.756535,-0.006916,0.0105286,-0.00265037,0.100094,
0.0345951,0.168859,0.757012,0.00670562,-0.00560042,0.000253125,0.0711723,
0.0349309,0.169012,0.756931,-0.000727452,-0.00301365,-0.00136999,0.111433,
0.0340073,0.168454,0.756752,-0.0027245,0.0140395,0.00848542,0.0657849,
0.0343288,0.168752,0.756616,-0.00116217,-0.00275393,-0.00255858,0.11673,
0.0342601,0.168893,0.756919,0.00244544,0.00055502,-0.00113679,0.123648,
0.0355471,0.168505,0.757061,0.00190482,-0.0172589,0.00519909,0.0745675,
0.034652,0.169102,0.757072,0.000105973,0.00864879,-0.00577035,0.103491,
0.0343749,0.168464,0.756817,-0.00206495,0.00224328,0.0051631,0.123542,
0.0348169,0.169057,0.757041,0.0030337,-0.0059891,-0.00802848,0.0737961,
0.0344575,0.168319,0.75682,-0.00218201,0.00355078,0.00729045,0.101207,
0.0339824,0.168998,0.756676,-0.00191136,0.00633947,-0.00906045,0.0749363,
0.0352348,0.169249,0.756702,0.000231874,-0.0114364,-0.00228867,0.109506,
0.0350063,0.168798,0.757124,0.00618027,0.00334577,0.00659282,0.0683013,
0.0343963,0.169034,0.756864,-0.00236696,0.00554625,-0.00214392,0.10997,
0.0348544,0.169212,0.756498,-0.00492554,-0.00617611,-0.0024031,0.0741679,
0.0349715,0.168885,0.756814,0.00376516,-0.00139594,0.0039091,0.0838545,
0.034374,0.168759,0.756794,-0.000238413,0.0072201,0.00151943,0.0827519,
0.0350208,0.168585,0.756665,-0.00101057,-0.005051,0.0013598,0.128048,
0.0337228,0.169312,0.756762,0.00124194,0.016571,-0.00928867,0.0783249,
0.0349828,0.16919,0.756476,-0.00288507,-0.0126842,0.00122847,0.0993316,
0.0344408,0.168733,0.75686,0.00528353,0.00744582,0.0062877,0.0727865,
0.0342246,0.16885,0.756941,0.00072255,0.00192599,-0.00104374,0.112272,
0.0345487,0.168694,0.756759,-0.00232076,-0.00413234,0.00199115,0.0784365,
0.0346681,0.168778,0.756686,-0.000759456,-0.00123616,-0.000873127,0.096613,
0.0349324,0.169549,0.756759,0.000582831,-0.00212348,-0.00619371,0.12446,
0.0339218,0.168923,0.756668,-0.00113086,0.0126483,0.0078265,0.0799044,
0.0350739,0.169525,0.756943,0.00280539,-0.0117757,-0.00615297,0.09784,
0.0343633,0.169281,0.756739,-0.00164239,0.00572841,0.00196722,0.124044,
0.0346441,0.169428,0.756727,-0.000147684,-0.00360443,-0.00187551,0.0778941,
0.034502,0.169092,0.75691,0.00183904,0.00142864,0.00337712,0.0994684,
0.0350934,0.168747,0.757165,0.00203448,-0.00472148,0.00274833,0.125246,
0.0344417,0.16834,0.756698,-0.00618585,0.00863118,0.00540068,0.0754953,
0.0343463,0.168747,0.756948,0.00246626,0.000941764,-0.00401715,0.101288,
0.0344821,0.16966,0.75701,0.000499792,-0.00109444,-0.00736749,0.124029,
0.0343258,0.168772,0.756713,-0.00387396,0.00203624,0.0115722,0.0767453,
0.0340755,0.168705,0.756513,-0.00294665,0.0036882,0.00098961,0.0678646,
0.0346235,0.168902,0.756416,-0.00105507,-0.00600636,-0.00215686,0.0912368,
0.0343919,0.169205,0.757123,0.00558665,0.00183151,-0.002395,0.126483,
0.0342605,0.168798,0.75668,-0.00585109,0.00173629,0.00537426,0.0756584,
0.0345121,0.168404,0.756779,0.000898659,-0.002282,0.0035795,0.110234,
0.0345406,0.168372,0.757243,0.00402809,-0.000248228,0.000270429,0.115108,
0.0347957,0.169331,0.756615,-0.00821839,-0.00333936,-0.0125525,0.0763843,
0.0347091,0.168628,0.756868,0.00251551,0.000862406,0.00700555,0.100371,
0.0342736,0.168479,0.756714,-0.00124516,0.0035332,0.00120817,0.123263,
0.0348077,0.169199,0.756812,0.00131384,-0.00717013,-0.0096572,0.074492,
0.0343881,0.169012,0.756911,0.000941522,0.00398175,0.00176557,0.105406,
0.0351606,0.169144,0.756643,-0.00217427,-0.00625385,-0.0010653,0.123526,
0.0342524,0.167936,0.756898,0.00343265,0.0122203,0.0162526,0.074318,
0.0353757,0.169103,0.75665,-0.00243966,-0.011034,-0.0114567,0.101806,
0.0349936,0.168838,0.756723,0.000586644,0.00306217,0.00212264,0.124768,
0.0348814,0.169114,0.756599,-0.00160755,0.0014636,-0.00360222,0.0766771,
0.034156,0.168597,0.756552,-0.000715297,0.0109922,0.00783553,0.0659962,
0.0350109,0.169475,0.756889,0.00362864,-0.00920399,-0.00945805,0.0928899,
0.0348221,0.168932,0.757277,0.00306897,0.00149379,0.00430127,0.126435,
0.0342193,0.168399,0.756848,-0.00562289,0.00790026,0.00698311,0.0763014,
0.0344632,0.169124,0.756675,-0.00171697,-0.0024222,-0.00720509,0.100708,
0.035261,0.168519,0.756718,0.000347511,-0.00645133,0.00489503,0.123665,
0.034726,0.169528,0.756185,-0.00709454,0.00711083,-0.0134141,0.0752353,
0.0348276,0.169119,0.75676,0.00556164,-0.000981447,0.00395618,0.103452,
0.0351861,0.168798,0.75688,0.00098254,-0.00294814,0.00263889,0.121631,
0.0343749,0.16884,0.756819,-0.000815933,0.0108764,-0.000561203,0.074585,
0.034433,0.16898,0.756681,-0.00131313,-0.0005545,-0.00133547,0.104718,
0.0348417,0.169319,0.757219,0.00432249,-0.00328358,-0.00272508,0.124477,
0.0345305,0.168505,0.756612,-0.00796715,0.00408099,0.0106757,0.0762569,
0.0345636,0.168942,0.756697,0.00121637,-0.000474278,-0.00626197,0.0698278,
0.0346844,0.168727,0.756706,0.00010088,-0.00132773,0.00236297,0.0909908,
0.0347974,0.16893,0.756685,-0.000166017,-0.000909134,-0.00163726,0.124224,
0.0356201,0.168982,0.756655,-0.000380403,-0.01046,-0.00066078,0.0786575,
0.0341574,0.168673,0.757087,0.00437496,0.0148336,0.00313842,0.0986109,
0.0347781,0.1685,0.7571,0.000109364,-0.00499509,0.001392,0.124262,
0.0336131,0.168953,0.75683,-0.00349698,0.0150883,-0.00586574,0.077212,
0.034461,0.168891,0.756578,-0.00251316,-0.00844999,0.000613886,0.100347,
0.0344413,0.168705,0.756766,0.00144478,0.000151347,0.00143322,0.13016,
0.0345861,0.168716,0.756777,0.000149084,-0.0019162,-0.000146718,0.0755633,
0.0352495,0.168976,0.756749,-0.000296465,-0.00694691,-0.00272513,0.0954994,
0.0350739,0.168838,0.756575,-0.00139404,0.00140705,0.00110523,0.124807,
0.0344662,0.168765,0.756805,0.00305711,0.00806212,0.000972051,0.0753757,
0.0347327,0.168717,0.756647,-0.00234646,-0.00395319,0.00071614,0.0674166,
0.0341292,0.168671,0.757047,0.00429323,0.00648503,0.000489584,0.0930744,
0.0341079,0.168919,0.756669,-0.00300311,0.000168525,-0.00196563,0.125933,
0.0346579,0.168693,0.75672,0.000679006,-0.00730145,0.00299618,0.0753171,
0.0335371,0.168599,0.756452,-0.00267469,0.0112058,0.000938495,0.100014,
0.0345977,0.16926,0.756783,0.00264756,-0.00849449,-0.00529035,0.124857,
0.0346865,0.168807,0.75667,-0.00152517,-0.001196,0.00609205,0.0742532,
0.0346322,0.168662,0.756579,-0.000891878,0.000536369,0.00143409,0.101382,
0.0343453,0.169336,0.756443,-0.00107967,0.00227485,-0.00534811,0.126092,
0.0344954,0.168987,0.756375,-0.000906829,-0.00201023,0.00468143,0.0746677,
0.0349032,0.168997,0.756511,0.0013099,-0.00394239,-9.7969e-05,0.103429,
0.034053,0.169129,0.756418,-0.000758724,0.00691499,-0.00107506,0.122945,
0.03441,0.169307,0.757046,0.00851958,-0.00483841,-0.00240782,0.0737749,
0.0343652,0.168665,0.756793,-0.00237729,0.000421182,0.00603319,0.106333,
0.0342133,0.168998,0.756791,-1.93385e-05,0.00123165,-0.00269942,0.123287,
0.034667,0.169376,0.756315,-0.0064207,-0.00612339,-0.00510454,0.0740893,
0.0342805,0.169379,0.756578,0.00365743,0.00537923,-3.58774e-05,0.071853,
0.0348309,0.169279,0.756431,-0.00163602,-0.00613342,0.00110612,0.0897337,
0.034525,0.168691,0.756524,0.000740104,0.00243175,0.00467505,0.125796,
0.0349149,0.168451,0.757027,0.00627452,-0.0048635,0.00299062,0.0801755,
0.0335807,0.169025,0.756606,-0.00434642,0.0137723,-0.00591988,0.0968721,
0.034756,0.169301,0.756716,0.000894441,-0.00957968,-0.00224995,0.122682,
0.0343348,0.168882,0.756816,0.00132973,0.00561649,0.00558678,0.0749915,
0.0341139,0.168972,0.756648,-0.00165727,0.00218267,-0.000892238,0.101207,
0.0353781,0.169369,0.756794,0.00204484,-0.0177525,-0.00556597,0.0712105,
0.0346985,0.169031,0.757005,0.00190274,0.00611748,0.00303977,0.111081,
0.0345861,0.168584,0.757133,0.0018778,0.00164684,0.00653977,0.0682766,
0.0348504,0.168652,0.756599,-0.00475571,-0.00235311,-0.000601762,0.112298,
0.0350982,0.169013,0.7568,0.00159308,-0.00196898,-0.00286485,0.125863,
0.0345673,0.168613,0.756866,0.000894201,0.0071622,0.00539737,0.0741225,
0.0346773,0.168735,0.756819,-0.000450875,-0.00106538,-0.00118521,0.103246,
0.0347466,0.168785,0.756534,-0.00229996,-0.00055779,-0.000405981,0.124317,
0.0344642,0.168824,0.757059,0.00685316,0.00368089,-0.00050416,0.0767284,
0.0344212,0.168886,0.756663,-0.00392836,0.000426507,-0.000614803,0.1009,
0.0348258,0.168355,0.756401,-0.00210319,-0.00325255,0.00426782,0.124413,
0.0347471,0.169038,0.756509,0.00136141,0.000998153,-0.00864949,0.0788946,
0.0349697,0.168161,0.756552,0.000443159,-0.00226116,0.00889874,0.0984536,
0.0347211,0.168503,0.756713,0.00128669,0.00198791,-0.00273053,0.125075,
0.0349394,0.168972,0.756761,0.000649282,-0.00294746,-0.00632869,0.0740833,
0.034168,0.169418,0.756688,-0.000723158,0.00757801,-0.00438389,0.101792,
0.0346309,0.168906,0.757023,0.00270551,-0.00373876,0.00413469,0.123813,
0.0351003,0.168467,0.75699,-0.000434568,-0.00630194,0.00590168,0.074477,
0.0345958,0.168869,0.756703,-0.00278447,0.00488958,-0.00390288,0.103177,
0.0348472,0.16963,0.7564,-0.00245168,-0.00203241,-0.00615306,0.123674,
0.0348667,0.168848,0.756819,0.00571501,-0.00026695,0.0106813,0.0732777,
0.0348107,0.169058,0.756558,-0.00388536,0.000835832,-0.00313523,0.0670242,
0.0343685,0.168596,0.756788,0.00235025,0.00453196,0.00472921,0.0975638,
0.0347022,0.169176,0.756857,0.00055544,-0.00268243,-0.00465846,0.124373,
0.0348896,0.168927,0.756525,-0.00442095,-0.00250135,0.00331552,0.0749482,
0.0341781,0.168851,0.756661,0.00132469,0.00693293,0.00073915,0.102634,
0.0345137,0.168517,0.75614,-0.00419841,-0.0027039,0.00269405,0.124124,
0.0341375,0.169061,0.756502,0.00491822,0.00511083,-0.0073913,0.0736117,
0.0340803,0.168694,0.756575,0.000708278,0.000557225,0.00357898,0.102668,
0.0346388,0.168396,0.756748,0.00137333,-0.00444247,0.00236588,0.125734,
0.0346611,0.168646,0.75652,-0.00308056,-0.00030135,-0.0033918,0.0737764,
0.0344279,0.168963,0.756479,-0.000391168,0.0022344,-0.00303012,0.104378,
0.0347759,0.168735,0.756803,0.0026448,-0.00284404,0.00185732,0.122374,
0.0344642,0.169505,0.756647,-0.00210224,0.00418791,-0.0103426,0.0744264,
0.0348109,0.168576,0.75677,0.00185352,-0.00520256,0.0139414,0.0666305,
0.0354016,0.168819,0.757132,0.00375965,-0.00613,-0.00252489,0.096375,
0.0347888,0.169213,0.7569,-0.00171489,0.00452562,-0.00290653,0.135414,
0.0352839,0.168861,0.756615,-0.00374242,-0.00649262,0.00461296,0.0762573,
0.0340024,0.168781,0.756709,0.00102701,0.0140549,0.00087829,0.0911759,
0.034283,0.168349,0.756523,-0.00153214,-0.00231627,0.00356482,0.121105,
0.0345612,0.168365,0.756685,0.00215754,-0.00370827,-0.000200383,0.0750328,
0.0349006,0.169472,0.756676,-8.33666e-05,-0.00339124,-0.0110639,0.100096,
0.0352483,0.168727,0.757134,0.0063378,-0.00481239,0.0103116,0.072237,
0.0344427,0.168538,0.75675,-0.00329013,0.00689661,0.0016156,0.116813,
0.0347662,0.168617,0.756871,0.0018168,-0.00484119,-0.00117441,0.0668287,
0.0344013,0.168527,0.756783,-0.000819649,0.00337629,0.000829991,0.108062,
0.035096,0.168549,0.756442,-0.00272451,-0.0055542,-0.000175852,0.125072,
0.0351562,0.169097,0.756797,0.00474039,-0.000802705,-0.00731116,0.0749648,
0.0345996,0.168598,0.756709,-0.000854307,0.0053725,0.00482108,0.103608,
0.0341552,0.168592,0.75706,0.00285343,0.00361682,4.63282e-05,0.122868,
0.0347285,0.168813,0.756434,-0.00847607,-0.00777321,-0.00299931,0.0737528,
0.0349401,0.168902,0.756571,0.00127252,-0.00197007,-0.00082356,0.107404,
0.0332545,0.1691,0.756472,-0.000806031,0.0136732,-0.00160819,0.123272,
0.0351431,0.168862,0.75686,0.00511099,-0.0248413,0.00312665,0.0760249,
0.0341765,0.168959,0.756641,-0.00220509,0.00972819,-0.000976276,0.0993638,
0.0350467,0.169348,0.756813,0.00139318,-0.00705291,-0.00315325,0.123387,
0.0351007,0.168594,0.756822,0.000118994,-0.000718573,0.0100419,0.0751359,
0.0351191,0.168722,0.756418,-0.00388272,-0.000176484,-0.00122684,0.104128,
0.0337573,0.169029,0.756108,-0.00252604,0.0111135,-0.00250962,0.122534,
0.0341286,0.169346,0.756423,0.00421619,-0.0049673,-0.00424031,0.0747428,
0.0347536,0.169231,0.756614,0.00182485,-0.00598158,0.00110538,0.104488,
0.0348032,0.168442,0.756622,6.60587e-05,-0.000401445,0.00637624,0.123615,
0.0348184,0.169035,0.756601,-0.000273505,-0.000196894,-0.0076666,0.0773649,
0.0347097,0.169657,0.7565,-0.00138361,0.00148335,-0.00848895,0.0732775,
0.0345377,0.168704,0.756698,0.00234912,0.00203446,0.0112748,0.084569,
0.0345781,0.168809,0.757031,0.00250833,-0.000304538,-0.000792914,0.132809,
0.0345524,0.168712,0.756671,-0.0046544,0.00033265,0.00126357,0.0773615,
0.0349192,0.168835,0.756738,0.000723075,-0.00394872,-0.00132954,0.0929011,
0.0350616,0.169425,0.757041,0.00240859,-0.00113389,-0.00469637,0.125565,
0.0345578,0.169579,0.756455,-0.00758127,0.00651942,-0.00199057,0.0772843,
0.0343207,0.168657,0.756866,0.00415806,0.00239837,0.00932322,0.0988524,
0.0340597,0.168823,0.756592,-0.00219964,0.00209522,-0.00132919,0.12454,
0.0353937,0.168721,0.756444,-0.00202104,-0.0181874,0.00137824,0.0733469,
0.034889,0.169127,0.757033,0.00565379,0.00484257,-0.00388852,0.104233,
0.0343118,0.168505,0.756985,-0.000369262,0.00441439,0.0047539,0.130747,
0.0340056,0.169106,0.756915,-0.000947525,0.00414976,-0.00814928,0.0737883,
0.0343343,0.168928,0.756829,-0.00125895,-0.00483873,0.0026291,0.0679397,
0.0354834,0.168809,0.756693,-0.00152781,-0.0129015,0.00133089,0.0890671,
0.0348272,0.169103,0.756624,-0.000558001,0.00529149,-0.0023703,0.124016,
0.0340693,0.168835,0.756759,0.00180771,0.0101936,0.003603,0.0743528,
0.0344985,0.168838,0.756735,-0.000222654,-0.00411065,-2.81172e-05,0.104403,
0.0335602,0.168889,0.756776,0.00032313,0.00743675,-0.000404267,0.126171,
0.0346557,0.168978,0.756661,-0.00153941,-0.014668,-0.00119346,0.0746894,
0.0352073,0.169188,0.756568,-0.000940558,-0.0055615,-0.0021128,0.0991765,
0.03444,0.168973,0.757089,0.00416956,0.00614377,0.00171966,0.124883,
0.0342151,0.169219,0.756213,-0.0117151,0.00300981,-0.00328424,0.0747407,
0.0344914,0.168534,0.757347,0.0113803,-0.0027722,0.00687246,0.0996698,
0.0343035,0.168438,0.756869,-0.00664545,0.002612,0.0013247,0.0719244,
0.0348366,0.169477,0.756246,-0.00564059,-0.00482668,-0.00940143,0.110458,
0.0345643,0.169115,0.756702,0.00687561,0.00410943,0.00546815,0.0662658,
0.0347728,0.169234,0.756935,0.00174171,-0.00155869,-0.000894134,0.133774,
0.034368,0.168115,0.756789,-0.00137269,0.00382149,0.0105617,0.105949,
0.0335762,0.16916,0.756623,-0.00217744,0.0103449,-0.0136553,0.076537,
0.0340817,0.168958,0.756448,-0.00173073,-0.00502026,0.00200464,0.100699,
0.0347022,0.169045,0.756925,0.00354805,-0.00461757,-0.000642722,0.134377,
0.0348031,0.168526,0.756709,-0.00274202,-0.00128078,0.00658095,0.0787768,
0.0345238,0.168718,0.756792,0.000969452,0.00329006,-0.00225164,0.0849078,
0.0342867,0.169209,0.756615,-0.00244238,0.0032857,-0.00680989,0.0721635,
0.0344336,0.169235,0.75622,-0.00367653,-0.00136465,-0.00024404,0.107649,
0.0347291,0.168533,0.756864,0.00943164,-0.00432309,0.010277,0.0683722,
0.034161,0.169114,0.756566,-0.00367991,0.00699705,-0.00715667,0.0811971,
0.0349039,0.168858,0.756823,0.00266772,-0.00769261,0.00265075,0.096566,
0.0341509,0.168588,0.756422,-0.00599884,0.0112571,0.00403576,0.0668894,
0.0349661,0.168335,0.757002,0.00518848,-0.00729524,0.00226219,0.111743,
0.0347687,0.169335,0.75697,-0.000257386,0.00158447,-0.00802716,0.124588,
0.034985,0.168889,0.756767,-0.00265398,-0.00283985,0.00585761,0.0761796,
0.0345497,0.168556,0.757081,0.00462832,0.00642481,0.00491094,0.0677524,
0.0346341,0.16924,0.756746,-0.0035052,-0.000883314,-0.00715927,0.0955832,
0.0350039,0.168773,0.756542,-0.00167377,-0.00302962,0.00382923,0.122039,
0.0344073,0.16861,0.756566,0.000332073,0.00802786,0.00219337,0.0743098,
0.0346584,0.168983,0.756812,0.00233126,-0.00238055,-0.00353305,0.105492,
0.0340238,0.169056,0.756898,0.000702945,0.00523402,-0.000599961,0.121254,
0.0348185,0.168984,0.756589,-0.00413087,-0.0106324,0.000954167,0.0747427,
0.0347369,0.168711,0.75674,0.00144468,0.000779828,0.00261068,0.104589,
0.034732,0.169081,0.756725,-0.000117323,3.9502e-05,-0.00293379,0.125993,
0.034273,0.168563,0.756569,-0.00205543,0.00605715,0.0068304,0.0757733,
0.0345174,0.168193,0.756873,0.00305031,-0.00245296,0.00371914,0.0996566,
0.0352397,0.169496,0.756799,-0.000600255,-0.00581899,-0.0105006,0.124124,
0.034765,0.169159,0.756612,-0.00252383,0.00640922,0.00454809,0.074062,
0.0347552,0.168589,0.756675,0.000947065,0.000148457,0.00860475,0.0662718,
0.0352233,0.168783,0.757001,0.00335504,-0.00481042,-0.00199492,0.0973206,
0.0348011,0.169027,0.756536,-0.00378286,0.00343632,-0.00198613,0.122885,
0.033897,0.16965,0.75644,-0.00127903,0.01196,-0.00824294,0.0755873,
0.0335092,0.16864,0.756655,0.00214888,0.00386655,0.0100744,0.100299,
0.0348811,0.168795,0.75646,-0.00153977,-0.0108117,-0.00122482,0.126892,
0.034816,0.169756,0.756645,0.00240477,0.000845051,-0.0124578,0.0770846,
0.0343136,0.168657,0.756644,-1.5985e-05,0.00518236,0.0113352,0.0969485,
0.0349651,0.169467,0.756885,0.00191041,-0.0051522,-0.00640622,0.126453,
0.0348805,0.169146,0.756234,-0.00860071,0.00111653,0.00423683,0.0757748,
0.035098,0.168443,0.756858,0.00624071,-0.00217495,0.00702237,0.100008,
0.0348133,0.169324,0.756695,-0.00232661,0.00407509,-0.0126072,0.069862,
0.0344783,0.168979,0.756721,0.000216533,0.00274756,0.00282983,0.121944,
0.035133,0.168383,0.756617,-0.00152777,-0.00959474,0.00873575,0.0682358,
0.0344224,0.168785,0.756592,-0.000235249,0.00655202,-0.00370943,0.108442,
0.03403,0.169095,0.75687,0.0023262,0.0032858,-0.00259134,0.11943,
0.0345332,0.169281,0.756496,-0.00484088,-0.00651356,-0.00241774,0.0772503,
0.0351861,0.169261,0.756621,0.00123777,-0.00645965,0.000197842,0.101077,
0.0345786,0.168599,0.756354,-0.00217838,0.00496356,0.00541209,0.12239,
0.0344044,0.168826,0.75627,-0.00110992,0.00230597,-0.00300454,0.0755586,
0.0348976,0.168615,0.756833,0.00546357,-0.00479239,0.00204783,0.10292,
0.0344083,0.169625,0.756489,-0.00278517,0.00396185,-0.00817538,0.123503,
0.0347066,0.169029,0.756462,-0.000359346,-0.00403207,0.00806151,0.0739779,
0.0339442,0.169036,0.756509,0.00044907,0.00733563,-6.81061e-05,0.103927,
0.0343347,0.169315,0.756307,-0.00163001,-0.00316409,-0.00226366,0.123414,
0.0345326,0.168875,0.756357,0.000663612,-0.00267317,0.00595237,0.0740105,
0.0343114,0.16918,0.75668,0.00312199,0.00213246,-0.00294669,0.103707,
0.0340243,0.169123,0.756673,-5.84333e-05,0.00230701,0.000462198,0.124446,
0.0352794,0.16859,0.756573,-0.00138779,-0.0173225,0.00735499,0.0724556,
0.0348839,0.168773,0.756785,0.00319075,0.00593597,-0.00274371,0.0666332,
0.0354733,0.168545,0.756786,1.21827e-05,-0.00602372,0.00232203,0.0978509,
0.0350696,0.168929,0.7568,0.000106226,0.00325618,-0.00309558,0.124006,
0.0341981,0.169452,0.756655,-0.00198077,0.0119027,-0.00713746,0.0732128,
0.034633,0.168439,0.756599,-0.000524299,-0.00410865,0.00956788,0.10584,
0.0346281,0.168723,0.756413,-0.00153445,4.02332e-05,-0.00233899,0.121389,
0.0343615,0.169141,0.756528,0.00155317,0.00358051,-0.00561745,0.0744495,
0.0347499,0.169021,0.756679,0.00142385,-0.00367743,0.00113349,0.105617,
0.034713,0.169043,0.75643,-0.00201271,0.000298498,-0.000176558,0.123728,
0.0347507,0.169008,0.756588,0.00208164,-0.000496431,0.000469802,0.0759645,
0.0342747,0.168916,0.756572,-0.000154192,0.00471839,0.000910971,0.100893,
0.0345641,0.169555,0.756407,-0.0013397,-0.00234363,-0.00517963,0.123507,
0.0345751,0.168704,0.757015,0.00833422,-0.000150269,0.0116671,0.0729841,
0.0347008,0.168785,0.756631,-0.00565118,-0.00185069,-0.00119141,0.067914,
0.0344665,0.168728,0.756845,0.00226292,0.00247529,0.000605409,0.0946385,
0.03419,0.168433,0.756932,0.000610991,0.00196285,0.00209436,0.140868,
0.0344329,0.168775,0.756465,-0.00612067,-0.00318521,-0.00449259,0.0762506,
0.0351073,0.169102,0.756408,-0.000672085,-0.00796297,-0.00386167,0.0846953,
0.0350871,0.168805,0.756589,0.00133152,0.000148215,0.00218349,0.136128,
0.0343052,0.168172,0.75647,-0.00156494,0.0102394,0.00829263,0.0763654,
0.034117,0.168531,0.756772,0.00330477,0.00205548,-0.00392641,0.0915684,
0.0344014,0.168516,0.756656,-0.000927525,-0.00227679,0.00011773,0.124925,
0.035399,0.169379,0.756139,-0.00661432,-0.0127526,-0.0110213,0.0782284,
0.0342656,0.169084,0.756177,0.00039354,0.0116569,0.00302986,0.0972358,
0.0342134,0.168693,0.756795,0.00490868,0.000414129,0.00310605,0.125847,
0.0345405,0.169416,0.756472,-0.00413569,-0.00418763,-0.00924883,0.0781,
0.0348136,0.168836,0.756635,0.00165029,-0.00276915,0.00587693,0.0986374,
0.034514,0.16895,0.756688,0.000415709,0.00235363,-0.00089368,0.127322,
0.0347263,0.168952,0.756854,0.00214833,-0.0027356,-2.82169e-05,0.0776297,
0.0348836,0.169031,0.756146,-0.0098226,-0.00218249,-0.00109841,0.0720771,
0.0346046,0.168503,0.756727,0.00700075,0.0033677,0.00637491,0.0828586,
0.0352943,0.168808,0.756595,-0.00177986,-0.00933221,-0.0041319,0.0739089,
0.0345282,0.16905,0.756747,0.00138822,0.00699769,-0.00220632,0.109487,
0.0340989,0.168807,0.756931,0.00264996,0.00617099,0.00349259,0.0695697,
0.0348801,0.168456,0.7569,-0.000284969,-0.00718299,0.00322549,0.108764,
0.0342416,0.169083,0.756281,-0.00489531,0.00504826,-0.00495739,0.126483,
0.0349367,0.167992,0.756687,0.00527836,-0.00904702,0.0141967,0.0768325,
0.03424,0.169291,0.756449,-0.00237891,0.00697247,-0.012998,0.0999211,
0.0349143,0.168568,0.756898,0.00355354,-0.00533594,0.0057238,0.12637,
0.0349413,0.169127,0.756579,-0.00409281,-0.000345808,-0.00715994,0.078059,
0.0347808,0.168626,0.756773,0.00199437,0.00164428,0.00512974,0.097609,
0.0348869,0.16879,0.756576,-0.00157608,-0.000848872,-0.00131439,0.124989,
0.0347825,0.169193,0.756272,-0.00409211,0.00140303,-0.00541581,0.0743873,
0.0348302,0.168336,0.756603,0.00325176,-0.000467331,0.00840955,0.101914,
0.0350562,0.168771,0.756733,0.000999539,-0.00173529,-0.00333729,0.130237,
0.0347416,0.168738,0.756718,-0.000203069,0.00420253,0.000428834,0.0748474,
0.0346293,0.168683,0.756857,0.00144651,0.00117533,0.000582656,0.0955976,
0.0344098,0.169029,0.756463,-0.0032145,0.00179062,-0.00282873,0.122566,
0.0351479,0.169027,0.756264,-0.00265287,-0.00986902,3.2872e-05,0.0747959,
0.0343794,0.169317,0.756631,0.00349046,0.0073089,-0.00275601,0.105157,
0.034456,0.169027,0.756814,0.00150197,-0.000630549,0.00238494,0.121593,
0.0339149,0.16883,0.756512,-0.00408663,0.0073351,0.00267291,0.0737724,
0.0344273,0.168979,0.756515,2.40562e-05,-0.00480936,-0.00140323,0.106542,
0.035166,0.168754,0.756524,7.49296e-05,-0.00602967,0.00183517,0.122503,
0.0344423,0.168553,0.756558,0.000449918,0.00946724,0.00263128,0.0764403,
0.0348366,0.168998,0.756561,3.37677e-05,-0.00544797,-0.00614427,0.0723707,
0.0352405,0.168952,0.756831,0.00310986,-0.00464624,0.000525509,0.0869385,
0.0341567,0.16902,0.757006,0.00131284,0.00815829,-0.00051228,0.132844,
0.0346465,0.169065,0.756528,-0.00623464,-0.0063861,-0.000584643,0.0766922,
0.0345408,0.168441,0.75685,0.00340728,0.00111487,0.00658839,0.0947439,
0.0344241,0.16883,0.756462,-0.00316545,0.000951743,-0.00317408,0.122619,
0.034067,0.169048,0.756979,0.00661934,0.00457202,-0.00278991,0.0781241,
0.0348154,0.168328,0.75684,-0.00139139,-0.00748862,0.00720652,0.0999418,
0.0348179,0.168888,0.756749,-0.000741924,-2.03981e-05,-0.00453036,0.12364,
0.0349605,0.169503,0.756578,-0.00224059,-0.00186955,-0.00805751,0.076295,
0.0347137,0.1692,0.75636,-0.00183766,0.00208881,0.00256342,0.118161,
0.0344118,0.168729,0.756436,0.000720744,0.00286576,0.00446434,0.105358,
0.0342392,0.168,0.756326,-0.00152289,0.0023919,0.0101102,0.0721727,
0.0349836,0.169057,0.756358,0.000293013,-0.00686567,-0.00975176,0.108423,
0.0346212,0.169115,0.756528,0.00138657,0.00295677,-0.000472363,0.122556,
0.0349211,0.168963,0.756178,-0.00479494,-0.00410687,0.00207529,0.0730306,
0.0344838,0.169634,0.756345,0.00242736,0.0063463,-0.00973929,0.0689023,
0.0344789,0.169054,0.756638,0.00304364,5.14087e-05,0.00603325,0.0962324,
0.0346594,0.168844,0.756527,-0.000891397,-0.0014529,0.00169224,0.124238,
0.0346942,0.169733,0.756365,-0.00217978,-0.000466218,-0.0119123,0.0746229,
0.0343492,0.168689,0.756497,0.0013246,0.00344434,0.0104224,0.100166,
0.0346883,0.168924,0.756665,0.0013309,-0.00269838,-0.00187505,0.125667,
0.0352518,0.168789,0.756759,0.00126618,-0.00760461,0.00182647,0.0740952,
0.0340749,0.169136,0.756776,0.000169498,0.0111926,-0.0033004,0.105144,
0.0339716,0.169156,0.756649,-0.00102423,0.000833028,-0.000162498,0.124071,
0.0350431,0.169399,0.756388,-0.00359201,-0.0147369,-0.00334158,0.0727135,
0.0348605,0.168683,0.756711,0.00309553,0.0017478,0.00685498,0.104478,
0.0346809,0.168775,0.756373,-0.00275421,0.00145991,-0.00074898,0.123052,
0.0343098,0.168427,0.756805,0.00595832,0.00511301,0.00479483,0.0725661,
0.0343869,0.169178,0.756587,-0.00325108,-0.00114922,-0.011203,0.0670649,
0.0342815,0.168795,0.756877,0.0025715,0.000934978,0.00339621,0.112765,
0.0344277,0.169098,0.756366,-0.00459393,-0.00131568,-0.00272771,0.111115,
0.0343897,0.168871,0.756504,0.0018102,0.00049809,0.00299177,0.0761602,
0.0345069,0.168196,0.757049,0.00544879,-0.00117197,0.00675048,0.099994,
0.0347109,0.169153,0.756719,-0.00258944,-0.00159999,-0.00750823,0.127476,
0.0342481,0.169088,0.756665,-0.000688887,0.0058587,0.000813007,0.0789956,
0.0345146,0.168516,0.756502,-0.00171986,-0.00281766,0.00605685,0.0945781,
0.0349495,0.169317,0.75624,-0.00212861,-0.00353434,-0.00651357,0.123067,
0.0347737,0.168459,0.756383,0.0019004,0.00234004,0.0114306,0.0751174,
0.0343231,0.168985,0.756079,-0.00296642,0.00440282,-0.00513941,0.102354,
0.034396,0.168921,0.756316,0.00189277,-0.000582417,0.000512099,0.125239,
0.0346672,0.169561,0.756693,0.00508883,-0.00366502,-0.00865713,0.07399,
0.0348895,0.168884,0.756299,-0.00379347,-0.00214306,0.0065281,0.103734,
0.0349893,0.168297,0.756267,-0.000245709,-0.000760149,0.00447148,0.131237,
0.0346659,0.169076,0.756231,-0.000476892,0.00426227,-0.0102669,0.0758663,
0.0349297,0.169187,0.75659,0.00526464,-0.00386715,-0.00163493,0.0682019,
0.0351527,0.168695,0.756417,-0.00205357,-0.00265552,0.00586143,0.0839982,
