-0.0544656,0.135599,0.766125,-0.0511346,-0.0693865,-0.0197657,
-0.0561407,0.143567,0.766402,0.00454724,0.0274879,-0.130759,
-0.0548884,0.145207,0.765865,-0.00890382,-0.0207943,-0.0272308,
-0.0566301,0.148835,0.765597,-0.00405729,0.0262813,-0.0547455,
-0.0554602,0.14901,0.765838,0.00445627,-0.0215589,-0.00323016,
-0.0549449,0.146934,0.766948,0.0178208,-0.00827339,0.0333402,
-0.0563306,0.149455,0.767253,0.00522616,0.0238051,-0.0433199,
-0.0543986,0.149637,0.768429,0.0196136,-0.0322173,-0.00302807,
-0.0548249,0.14969,0.76877,0.00568908,0.00709609,-0.000881445,
-0.0534992,0.150719,0.769532,0.0133879,-0.0233037,-0.0180886,
-0.0534275,0.150638,0.769092,-0.00703501,-0.00114592,0.00128662,
-0.0526769,0.150037,0.771238,0.0352571,-0.0123304,0.00988244,
-0.0522059,0.149849,0.770241,-0.0166649,-0.00787108,0.0031426,
-0.0529875,0.150635,0.770862,0.0101263,0.0127492,-0.0128208,
-0.0522382,0.150901,0.770307,-0.00954122,-0.0128823,-0.00457796,
-0.0504603,0.150288,0.770596,0.0046804,-0.028731,0.00990841,
-0.0508628,0.151879,0.770307,-0.0046704,0.00650385,-0.0257154,
-0.049611,0.153017,0.770522,0.00359459,-0.0209295,-0.0190243,
-0.0483125,0.153238,0.770779,0.00446145,-0.022573,-0.00384756,
-0.0480043,0.154248,0.770575,-0.00333495,-0.00503059,-0.0164794,
-0.0473659,0.154018,0.771334,0.0125526,-0.0105499,0.00379217,
-0.0477285,0.155212,0.770188,-0.0187768,0.0059363,-0.019537,
-0.0476847,0.154727,0.770046,-0.00234538,-0.000726694,0.00804058,
-0.0478335,0.154544,0.771153,0.0185336,0.00249063,0.00306431,
-0.0481326,0.154313,0.770632,-0.00859089,0.00493263,0.00380152,
-0.0494259,0.155069,0.770209,-0.0034725,0.0106106,-0.00619998,
-0.0472416,0.152495,0.77136,0.0153571,-0.0291347,0.0343323,
-0.0476776,0.155616,0.770755,-0.00537421,0.00386832,-0.0276908,
-0.047994,0.153947,0.770073,-0.0111543,0.00517968,0.0273268,
-0.0476416,0.154781,0.770499,0.00369068,-0.00305132,-0.00721776,
-0.0478233,0.155308,0.769789,-0.0105819,0.0027071,-0.00786713,
-0.0476352,0.15438,0.77042,0.00834277,-0.00248977,0.0122938,
-0.0468498,0.155527,0.770887,0.00477227,-0.00801834,-0.0117065,
-0.0484632,0.154414,0.770321,-0.00829148,0.0236554,0.0163132,
-0.0487024,0.15382,0.770727,0.00367767,0.00216841,0.00538732,
-0.0480484,0.154439,0.771097,0.00597683,-0.0105654,-0.0099958,
-0.0479781,0.154578,0.77098,-0.0019831,-0.00118536,-0.00235889,
-0.0476827,0.154067,0.770875,-0.00172098,-0.00485177,0.00839861,
-0.0479799,0.153831,0.770834,-0.000682145,0.00500185,0.00397274,
-0.0471764,0.153895,0.77086,0.000426191,-0.013424,-0.00107369,
-0.0477237,0.154215,0.771184,0.00265816,0.00448207,-0.0026163,
-0.0478472,0.153343,0.771351,0.00244448,0.00181021,0.0127767,
-0.0473801,0.154106,0.771196,-0.00138939,-0.00417723,-0.0068189,
-0.0472669,0.153352,0.771256,0.000964805,-0.00182275,0.0121376,
-0.0465359,0.152627,0.772378,0.00940328,-0.00612403,0.00607506,
-0.0489901,0.153783,0.770847,-0.0123113,0.0197375,-0.00929772,
-0.0480339,0.154046,0.771136,0.00408482,-0.0135409,-0.00373049,
-0.0482212,0.154741,0.770625,-0.00482727,0.00177121,-0.0065699,
-0.0482017,0.153867,0.770887,0.00395486,-0.000295116,0.0132185,
-0.0472597,0.153737,0.770763,-0.00105024,-0.00795323,0.00109679,
-0.0478067,0.15299,0.771692,0.0150872,0.00887811,0.0121227,
-0.0486339,0.154805,0.770954,-0.0120776,0.0135421,-0.0297111,
-0.0469648,0.153601,0.771311,0.00588615,-0.0275624,0.0198776,
-0.04955,0.154442,0.770429,-0.0145745,0.042712,-0.0139002,
-0.048232,0.154091,0.770546,0.00189358,-0.0213084,0.00567447,
-0.0490181,0.154053,0.771053,0.00450698,0.00698657,0.000341984,
-0.0479129,0.155345,0.770518,-0.00798781,-0.0165065,-0.0192963,
-0.0483803,0.153499,0.771361,0.00721465,0.00400012,0.0158009,
-0.0483267,0.15357,0.771205,-0.00255604,-0.00087873,-0.00117898,
-0.0494076,0.153168,0.770267,-0.00801441,0.00922819,0.00343535,
-0.0484991,0.153823,0.770882,0.00937898,-0.0138501,-0.00997937,
-0.0473166,0.153843,0.771639,0.00663238,-0.0103545,-0.000174461,
-0.0486583,0.153841,0.770456,-0.0184009,0.0208739,2.92108e-05,
-0.0491239,0.153443,0.770483,0.000408552,0.00720372,0.00615479,
-0.0477136,0.153683,0.77065,0.00148502,-0.0125623,-0.00213701,
-0.0482385,0.153131,0.770889,0.00395808,0.00868289,0.00912113,
-0.0478711,0.153778,0.771119,0.00190692,-0.00303859,-0.00534767,
-0.0484591,0.153389,0.771046,-0.00110261,0.0087855,0.00581451,
-0.0481223,0.155314,0.770199,-0.00747053,-0.00297178,-0.0169929,
-0.0483064,0.153233,0.770928,0.0105802,0.00267099,0.0301972,
-0.0495803,0.15393,0.770778,-0.00131074,0.0111388,-0.0060858,
-0.0489691,0.15478,0.770933,0.002309,-0.0091099,-0.0126811,
-0.0477812,0.153417,0.770589,-0.00302286,-0.010432,0.0119716,
-0.0482715,0.153384,0.771342,0.0121864,0.00793831,0.000535067,
-0.0480928,0.153802,0.770045,-0.020452,-0.00281887,-0.00659016,
-0.0484761,0.153832,0.770429,0.00623725,0.00621918,-0.0004852,
-0.0494832,0.153147,0.770729,0.00500459,0.016811,0.011432,
-0.0490303,0.153643,0.771097,0.00595841,-0.00733597,-0.00802845,
-0.0487498,0.153598,0.770665,-0.00382856,-0.00248586,0.000398335,
-0.0477651,0.152404,0.771868,0.0192971,-0.0157956,0.0191546,
-0.0475349,0.153069,0.771765,-0.00163751,-0.00366048,-0.0105799,
-0.0491788,0.152995,0.77074,-0.0129383,0.0207583,0.000941207,
-0.0492385,0.155827,0.769861,-0.00911291,0.000618718,-0.0293403,
-0.0485479,0.153964,0.770518,0.00958168,-0.0100698,0.0271682,
-0.0490048,0.153637,0.770338,-0.00162078,0.004108,0.0029433,
-0.0477681,0.153681,0.771087,0.0113405,-0.0187106,-0.000674341,
-0.0476795,0.153348,0.771766,0.0108596,-0.00141834,0.0053333,
-0.0496665,0.154053,0.770453,-0.0117679,0.0178076,-0.00632436,
-0.0487866,0.15336,0.770368,-0.00136539,-0.0141946,0.0111868,
-0.0484892,0.154412,0.771041,0.00560209,-0.0024781,-0.00876717,
-0.0482685,0.154234,0.770156,-0.00733375,-0.00182834,0.00147628,
-0.0486656,0.153758,0.770316,0.00217692,0.00538351,0.00645016,
-0.0485907,0.153393,0.770769,0.00686333,-0.00113341,0.00553228,
-0.0501278,0.153659,0.770504,-0.00266207,0.0154371,-0.00267165,
-0.047548,0.15218,0.771485,0.0143185,-0.0376719,0.0215907,
-0.049207,0.153512,0.771037,-0.00393408,0.0145765,-0.0117008,
-0.04851,0.153132,0.772024,0.0160654,-0.011341,0.00618043,
-0.0480892,0.153341,0.770621,-0.0231588,-0.00694415,-0.00344328,
-0.0479725,0.154759,0.771303,0.0113224,-0.0019364,-0.0235428,
-0.0485629,0.152091,0.771194,-0.00169022,0.00921332,0.0416437,
-0.0491605,0.152436,0.771287,0.00154397,0.00998686,-0.00577195,
-0.0487907,0.153501,0.770691,-0.00520918,-0.00323398,-0.00931336,
-0.0489709,0.154771,0.770664,-0.000404659,0.00266014,-0.0187443,
-0.0492537,0.153124,0.770748,0.000721516,0.00241776,0.0140829,
-0.0483523,0.153536,0.771363,0.0100531,-0.0147486,-0.00675264,
-0.0485496,0.154037,0.7704,-0.0157546,0.00322993,-0.00818922,
-0.0488173,0.153436,0.770631,0.00372773,0.00431803,0.00969262,
-0.0493264,0.153546,0.770975,0.00572385,0.00846926,-0.00183382,
-0.0469165,0.1528,0.771287,0.00498006,-0.0385052,0.0119244,
-0.0491968,0.152816,0.770851,-0.00635508,0.033236,-0.000232614,
-0.0487308,0.152805,0.771191,0.00316604,-0.00434119,0.000100917,
-0.0481813,0.153866,0.770954,-0.00347518,-0.00806743,-0.0155801,
-0.0494072,0.153366,0.770836,-0.00108054,0.0112294,0.00458314,
-0.0490354,0.152991,0.770581,-0.00392413,-0.00571342,0.00576117,
-0.048079,0.154111,0.771227,0.0056821,-0.00840826,-0.00984594,
-0.048227,0.154202,0.770464,-0.0112377,0.00218078,-0.00135147,
-0.0481783,0.153531,0.771673,0.0155402,-0.000626122,0.00862685,
-0.048952,0.153789,0.771152,-0.00536448,0.0079607,-0.00265418,
-0.0471365,0.153692,0.771324,0.00249482,-0.0262583,0.00140258,
-0.0488542,0.153853,0.771792,0.00422855,0.0155159,-0.00145084,
-0.0480904,0.153227,0.770755,-0.0169317,-0.0124652,0.010215,
-0.0487167,0.153096,0.771317,0.00914911,0.0101945,0.00212527,
-0.0475976,0.154022,0.771187,-0.00202557,-0.0174778,-0.0144529,
-0.0480727,0.154445,0.771009,-0.00297965,0.00792725,-0.00705554,
-0.0482065,0.153495,0.77126,0.00399413,0.00212268,0.0150643,
-0.0480727,0.152676,0.771059,-0.00325025,-0.00215628,0.0132031,
-0.048619,0.153487,0.771508,0.00407227,0.00495566,-0.00735426,
-0.048655,0.153911,0.770608,-0.0135432,0.000541041,-0.00637434,
-0.0480414,0.155516,0.771699,0.009462,-0.00532134,-0.0139206,
-0.0490106,0.152244,0.771418,-0.00439646,0.0151652,0.0511981,
-0.0483644,0.154256,0.771041,-0.00588353,-0.0101002,-0.0314498,
-0.0482887,0.153064,0.771071,0.000457986,-0.0011773,0.0185371,
-0.0491873,0.153224,0.770567,-0.00464257,0.00828769,-0.00147715,
-0.0500375,0.153414,0.770547,-0.000331077,0.0136877,-0.00305598,
-0.0483749,0.154167,0.770881,0.00551523,-0.0274272,-0.0124238,
-0.0481238,0.152241,0.771604,0.0120893,-0.00419917,0.0322143,
-0.0489883,0.153569,0.77097,-0.0105121,0.0143277,-0.0220166,
-0.0489082,0.153326,0.771147,0.00297295,-0.00134251,0.0040737,
-0.0479447,0.154778,0.771163,0.000134965,-0.00807993,-0.0121755,
-0.0493152,0.154304,0.771195,0.000482861,0.0205222,0.00709296,
-0.0480225,0.153537,0.769827,-0.0118478,-0.0111951,0.00664398,
-0.0494076,0.153511,0.769924,0.00152813,0.0219881,0.000407816,
-0.0476097,0.153048,0.770918,0.016524,-0.0298663,0.00770459,
-0.0483117,0.15378,0.771551,0.0102758,0.0114045,-0.0118921,
-0.0489076,0.154449,0.771405,-0.00240715,0.00984238,-0.0110466,
-0.0479508,0.152965,0.770571,-0.0136273,-0.0156315,0.0242307,
-0.0476901,0.153987,0.770698,0.00209071,-0.00430618,-0.0168761,
-0.0487661,0.154903,0.770746,0.000427968,0.0095493,-0.00812835,
-0.0483761,0.153555,0.771206,0.00674011,-0.00571338,0.0197503,
-0.0481512,0.154518,0.770477,-0.00634083,-0.00195608,-0.0083835,
-0.0484922,0.153857,0.77127,0.012806,0.00550136,0.0106712,
-0.0484056,0.153811,0.771573,0.00505307,-0.00144492,0.000768405,
-0.0492111,0.153317,0.771248,-0.00522819,0.0129355,0.0079325,
-0.0476265,0.152754,0.771534,0.00476787,-0.0264012,0.00937684,
-0.0485957,0.153739,0.771036,-0.00787633,0.0153437,-0.0155871,
-0.0481895,0.152442,0.771095,0.000515424,-0.0035559,0.0113511,
-0.0491817,0.153559,0.771493,0.00580676,0.0144793,-0.0162969,
-0.0484207,0.154134,0.770522,-0.00865081,-0.00677897,-0.00512131,
-0.0494715,0.153617,0.770567,0.000725053,0.0170665,0.00839837,
-0.0476531,0.153561,0.771319,0.0125525,-0.030331,0.000924836,
-0.0479116,0.153345,0.77155,0.00360326,0.0040294,0.00336685,
-0.0493901,0.154563,0.770339,-0.0191155,0.0233199,-0.0192184,
-0.0477948,0.15313,0.771553,0.0107599,-0.0141289,0.0126957,
-0.0479186,0.15385,0.771294,-0.00435181,0.00208048,-0.0121065,
-0.0483732,0.153559,0.771124,-0.00273953,0.00731554,0.00468506,
-0.0479477,0.153982,0.77094,-0.00298164,-0.00688347,-0.006842,
-0.0476926,0.153567,0.770652,-0.00479776,-0.00425339,0.00693027,
-0.0489196,0.153559,0.770664,0.000184636,0.0200037,0.000120742,
-0.0486014,0.153527,0.770701,0.000276131,-0.0023401,0.000238109,
-0.048686,0.154149,0.770392,-0.00296478,0.000813217,-0.00597378,
-0.0483847,0.154609,0.770791,0.00581155,-0.00439244,-0.00670614,
-0.0486392,0.154045,0.771121,0.00304523,0.00234729,0.00519621,
-0.0494338,0.153571,0.77094,-0.00269942,0.0118108,0.00704577,
-0.048253,0.153659,0.771268,0.00290843,-0.0104439,-0.000773367,
-0.0481508,0.154046,0.770754,-0.0084323,-0.00167324,-0.00634668,
-0.0482699,0.154437,0.770979,0.00372052,0.00196605,-0.00644207,
-0.048178,0.153668,0.770503,-0.00742274,-0.00143461,0.0119972,
-0.0489036,0.152527,0.770764,0.00436374,0.0121418,0.0191025,
-0.0488928,0.153875,0.770905,0.00228902,-0.000175794,-0.0219806,
-0.0492019,0.153646,0.771101,0.00328679,0.00516074,0.00381817,
-0.0481442,0.153214,0.771743,0.00550423,-0.00908091,0.00371226,
-0.048843,0.154259,0.7702,-0.0228706,0.0103621,-0.015491,
-0.0485515,0.153666,0.771004,0.0070078,-0.00254165,0.00516893,
-0.0482164,0.1542,0.770349,-0.0103242,-0.00528025,-0.00841698,
-0.0481992,0.153111,0.771814,0.0240496,-0.000282076,0.0178752,
-0.0485787,0.15309,0.771116,-0.0108799,0.00591554,0.000331199,
-0.0485422,0.154002,0.771227,0.00189386,-0.000619405,-0.0154475,
-0.0493127,0.152378,0.771515,0.00478347,0.0128379,0.0270519,
-0.0488873,0.153842,0.771525,8.90496e-05,-0.00378292,-0.0130133,
-0.0491733,0.153972,0.771796,0.00412197,0.00433783,-0.0019769,
-0.0474124,0.152999,0.771031,-0.00668602,-0.0153755,0.00849258,
-0.0483578,0.153277,0.771257,0.00356032,0.0148461,-0.00436219,
-0.0482943,0.15364,0.771705,0.00755191,-0.00107273,-0.00612933,
-0.0497062,0.153681,0.770551,-0.0185663,0.0227165,-0.000649486,
-0.0494211,0.153178,0.770347,-0.00338328,-0.0047341,0.00833867,
-0.0485514,0.15331,0.771292,0.0153336,-0.0141158,-0.0021305,
-0.048401,0.153453,0.770238,-0.00912902,-0.00130249,-0.00123851,
-0.0477344,0.154313,0.771559,0.0195437,-0.00986216,-0.0127188,
-0.0481141,0.152891,0.771237,-0.00283032,0.00334084,0.0125084,
-0.0483105,0.153803,0.771199,-0.000598735,0.00309315,-0.0143567,
-0.049226,0.153642,0.770614,-0.00501488,0.00784283,0.00138061,
-0.0482632,0.153771,0.771456,0.0129265,-0.0147759,-0.00198534,
-0.0477928,0.15501,0.771236,-0.00178718,-0.0038255,-0.0100751,
-0.0483428,0.153603,0.770964,-0.00441769,0.00892264,0.022817,
-0.0483177,0.153906,0.771676,0.00613385,-0.000216289,-0.00260509,
-0.0495674,0.154154,0.770207,-0.0219043,0.0186382,-0.00369761,
-0.0480745,0.153466,0.771735,0.0196304,-0.0191877,0.00883754,
-0.0487335,0.152974,0.771582,-0.00166353,0.00715664,0.00534707,
-0.0476252,0.153234,0.771392,-0.00276062,-0.016141,-0.00378977,
-0.0484443,0.15397,0.771064,-0.00295675,0.00737245,-0.00662585,
-0.0482258,0.154586,0.770698,-0.00597307,-0.00357313,-0.0100776,
-0.0494451,0.153851,0.77094,0.00400157,0.0201926,0.012175,
-0.0488636,0.154639,0.771127,0.00313633,-0.00977992,-0.0132485,
-0.0488694,0.153349,0.770778,-0.00545422,9.14209e-05,0.0202066,
-0.0488957,0.15335,0.770565,-0.0035516,0.000437999,-2.38029e-05,
-0.0477666,0.153059,0.77136,0.0125828,-0.0178601,0.00459788,
-0.0492859,0.153415,0.770571,-0.00686556,0.0132108,-0.00309642,
-0.0486012,0.154269,0.77136,0.0116407,-0.0100986,-0.0125914,
-0.0479141,0.154281,0.770685,-0.0060341,-0.00613935,-0.000102521,
-0.0489034,0.152802,0.770773,0.00146128,0.0163322,0.0244159,
-0.0489614,0.15243,0.771287,0.00854839,0.000965427,0.00617987,
-0.047503,0.154166,0.770785,-0.00819412,-0.0238058,-0.0283289,
-0.0484517,0.154879,0.770423,-0.00600608,0.0157394,-0.011824,
-0.0487093,0.152798,0.770742,0.00484833,0.00390504,0.0315542,
-0.0490492,0.152547,0.771362,0.00543322,0.00298166,0.00219806,
-0.0494509,0.153302,0.772087,0.0104265,0.005777,-0.0108537,
-0.0490512,0.153392,0.771083,-0.00895875,-0.00356502,-0.000800705,
-0.0485125,0.153814,0.771356,0.00426388,-0.00838978,-0.00657522,
-0.0479933,0.152283,0.771656,0.00479275,-0.00830136,0.0244741,
-0.0489347,0.154119,0.77093,-0.00647767,0.00839539,-0.0163756,
-0.0491905,0.154358,0.770428,-0.008178,0.00417046,-0.00388999,
-0.0483956,0.152911,0.77117,0.0118956,-0.0127455,0.0232019,
-0.0491059,0.154782,0.770167,-0.00844195,0.00597909,-0.0157549,
-0.0480192,0.152577,0.771899,0.0253199,-0.0158885,0.0322462,
-0.0484994,0.153267,0.772044,0.00126019,0.00417652,-0.00600159,
-0.0489234,0.153934,0.770989,-0.0171132,0.0068768,-0.0108254,
-0.0485963,0.153428,0.770824,-0.00275135,-0.00546838,0.00846306,
-0.049178,0.153161,0.770478,-0.00562334,0.00944409,0.0043392,
-0.0474243,0.153804,0.771294,0.0135283,-0.0290774,-0.0106547,
-0.048819,0.154468,0.770599,-0.011236,0.0225409,-0.0107387,
-0.048113,0.153644,0.771035,0.00382088,-0.00618357,0.00721368,
-0.0484583,0.153218,0.770906,-0.00195444,0.00524905,0.00647788,
-0.0484604,0.153054,0.771361,0.00395127,1.83313e-05,0.00143101,
-0.0475353,0.153873,0.771616,0.00414595,-0.0150126,-0.013291,
-0.0486987,0.15352,0.771339,-0.00462472,0.0193821,0.00587648,
-0.0492261,0.153752,0.770963,-0.00607137,0.0085181,-0.00375237,
-0.0486796,0.153606,0.771034,0.00119118,-0.00907883,0.00243261,
-0.0483292,0.153827,0.772034,0.0163752,-0.00574203,-0.00361767,
-0.0488567,0.153149,0.771003,-0.00880141,0.004506,0.0057856,
-0.0491195,0.153298,0.771752,0.0111946,0.00392816,-0.00222048,
-0.0489348,0.153603,0.77102,-0.00641118,-0.00161642,-0.00267141,
-0.0485015,0.153861,0.770471,-0.00882526,-0.00697178,-0.0041494,
-0.0477971,0.152936,0.771351,0.00735391,-0.00588781,0.00773205,
-0.0491892,0.153756,0.770626,-0.011332,0.021768,-0.0128187,
-0.0481722,0.154533,0.770999,0.00281305,-0.00766769,-0.00585842,
-0.0483259,0.154684,0.770744,-0.00389067,0.00234535,-0.00230949,
-0.0488771,0.153133,0.771357,0.00608595,0.00547891,0.0154216,
-0.0483526,0.153637,0.770866,-0.00733818,-0.00784193,-0.00754559,
-0.0485417,0.153064,0.770521,-0.00535896,0.0029383,0.00891069,
-0.0489001,0.15372,0.770783,0.00245123,0.00334721,-0.00612766,
-0.0478244,0.153495,0.77106,0.00398202,-0.0155025,0.00324699,
-0.0483986,0.153144,0.77088,-0.00161405,0.00516073,0.00315231,
-0.0489014,0.153371,0.770605,-0.00438048,0.00799929,-0.00360678,
-0.0484311,0.153107,0.771264,0.0107953,-0.00770756,0.0043167,
-0.048199,0.153726,0.771122,-0.00232448,-0.00381174,-0.0101552,
-0.0480739,0.1531,0.77142,0.00478558,-0.00201188,0.0100505,
-0.0493939,0.153371,0.771074,-0.00573777,0.0219047,-0.00449669,
-0.0487595,0.153635,0.771214,0.00229977,-0.0104118,-0.0043298,
-0.0480508,0.152706,0.771399,0.00160366,-0.00615691,0.0080688,
-0.0480014,0.153139,0.771337,-0.000883014,-0.000708091,-0.00621148,
-0.0481769,0.153894,0.771108,-0.00204542,0.00156832,-0.00674669,
-0.0488328,0.154585,0.770559,-0.00905537,0.0108227,-0.0113952,
-0.0483331,0.15282,0.770623,0.00106641,-0.00841061,0.0296998,
-0.0485546,0.152937,0.770835,0.00342501,0.00358428,-0.0018895,
-0.0486708,0.152549,0.771016,0.00301133,0.00192228,0.00641474,
-0.0488064,0.15379,0.769777,-0.0200468,0.00219417,-0.0200687,
-0.0483434,0.152616,0.771554,0.0152115,-0.00396395,0.0100485,
-0.0479503,0.153103,0.770866,-0.0102462,-0.00585349,-0.00724706,
-0.0487494,0.152891,0.771048,0.00161054,0.00709099,0.00187698,
-0.0483223,0.153838,0.770743,-0.00500372,-0.00700499,-0.0155241,
-0.0481948,0.15388,0.770434,-0.00530778,-0.002196,-0.000732772,
-0.0489948,0.154256,0.771042,0.00973048,0.0128182,-0.00601363,
-0.0484694,0.153958,0.771063,0.000357197,-0.00874543,0.00495611,
-0.0484317,0.153378,0.770837,-0.00364936,-0.000607826,0.00933864,
-0.047523,0.153756,0.770985,0.00125273,-0.00769141,-0.00319717,
-0.0493735,0.152813,0.770679,-0.00471305,0.0285392,0.0145328,
-0.0477823,0.152691,0.771607,0.0080199,-0.0137443,0.00105687,
-0.0484767,0.154363,0.770338,-0.0207938,0.0113743,-0.0273881,
-0.0486636,0.15408,0.770404,0.000551139,0.00155532,0.0023535,
-0.0485734,0.154427,0.770556,0.00226484,-0.00134159,-0.00515997,
-0.0481292,0.153996,0.770306,-0.00219932,-0.00389773,0.00378553,
-0.0487317,0.154056,0.77118,0.0143796,0.00991063,-0.00099284,
-0.0483053,0.153583,0.770967,-0.00356452,-0.00714382,0.00792781,
-0.0490758,0.154191,0.770281,-0.0107941,0.0121241,-0.00957177,
-0.0485287,0.153533,0.770846,0.00928772,-0.00899298,0.0108138,
-0.0480298,0.153503,0.771176,0.00536765,-0.00810772,0.000495651,
-0.048367,0.154124,0.770931,-0.00212754,0.00292627,-0.00539036,
-0.0477613,0.1529,0.770798,-0.00200695,-0.00911983,0.0184253,
-0.0484936,0.153737,0.770909,0.000974521,0.00640572,-0.00732182,
-0.0480176,0.152706,0.771626,0.0114911,-0.00763649,0.016545,
-0.0472952,0.154174,0.770863,-0.0126865,-0.0120108,-0.0244106,
-0.0493074,0.154159,0.770454,-0.00643834,0.0317028,0.00025003,
-0.0477884,0.153425,0.772037,0.0255011,-0.0244659,0.0118191,
-0.0493294,0.153387,0.771505,-0.00856815,0.0247896,0.000599751,
-0.0486853,0.15282,0.77136,-0.00224485,-0.0100354,0.00884866,
-0.0483963,0.15278,0.771752,0.0036202,-0.00267404,0.000368168,
-0.0487298,0.153695,0.771286,-0.00689702,0.00493911,-0.0135496,
-0.0487369,0.152928,0.771121,-0.00140114,5.99653e-05,0.00652291,
-0.0482817,0.152432,0.77143,0.00496578,-0.00732571,0.00798798,
-0.0471151,0.153653,0.771984,0.00916137,-0.019299,-0.0201999,
-0.0490504,0.154718,0.770839,-0.0183715,0.031057,-0.0170907,
-0.0485114,0.153805,0.770859,0.000324385,-0.00878251,0.0148749,
-0.0482089,0.154166,0.77019,-0.0100103,-0.00452921,-0.00541078,
-0.0480849,0.153507,0.771048,0.00818224,-0.00118359,0.00629141,
-0.0485143,0.153399,0.770789,-0.00390891,0.00648274,0.00163366,
-0.0485532,0.154988,0.770076,-0.00626239,0.000341459,-0.01397,
-0.0480681,0.15394,0.770184,0.00176305,-0.00791865,0.0171165,
-0.0494353,0.153497,0.770275,0.00148393,0.0223061,0.00722077,
-0.0476951,0.154104,0.771142,0.0130162,-0.0261399,-0.00911172,
-0.0483159,0.152793,0.771216,0.00124253,0.0103771,0.0219091,
-0.0487596,0.153941,0.770581,-0.00491674,0.00343374,-0.00888127,
-0.0481906,0.153618,0.771371,0.0126999,-0.00914469,0.00519222,
-0.0480128,0.1537,0.771128,-0.00223655,-0.00163506,-0.000753782,
-0.0486449,0.1532,0.770855,-0.00229235,0.00531661,0.00420336,
-0.0489996,0.154885,0.770655,-0.00283687,0.00503957,-0.0239396,
-0.0494997,0.153532,0.770537,-0.00111669,0.0047344,0.0128084,
-0.0487721,0.153317,0.770959,0.00633619,-0.0109279,0.0032283,
-0.0480494,0.152914,0.771511,0.00744663,-0.00975293,0.00543938,
-0.0472733,0.152715,0.771527,0.000164312,-0.00783696,0.0020071,
-0.0485054,0.153031,0.770085,-0.021693,0.0185254,-0.00475515,
-0.0488281,0.154539,0.770501,0.00358618,0.00278145,-0.0129974,
-0.0483197,0.153725,0.770908,0.00629384,-0.00785171,0.0125679,
-0.0483176,0.153919,0.770831,-0.00116829,-3.20126e-05,-0.00293769,
-0.0493217,0.153648,0.770195,-0.00562024,0.00886625,0.00238896,
-0.0487991,0.153313,0.770987,0.0126703,-0.00835439,0.00535941,
-0.0488039,0.154015,0.771074,0.000747241,4.10016e-05,-0.00606721,
-0.0484426,0.153806,0.77091,-0.00247604,-0.00548226,0.00316538,
-0.0483571,0.15372,0.770994,0.00131668,-0.0013461,0.00135138,
-0.0487235,0.153179,0.770839,-0.00139167,0.00328698,0.00485776,
-0.0483698,0.153066,0.7719,0.0173017,-0.00576771,0.00183921,
-0.048016,0.154652,0.771224,-0.0108664,-0.00568833,-0.0255049,
-0.0486837,0.154577,0.770449,-0.0130144,0.011215,0.00127241,
-0.0488333,0.15447,0.770054,-0.00638666,0.00241825,0.00172171,
-0.0474665,0.15322,0.77099,0.0155318,-0.0226809,0.0207498,
-0.0479958,0.153924,0.770499,-0.00416751,0.00448922,-0.00597248,
-0.0487234,0.153456,0.770733,0.00369262,0.0114934,0.00738431,
-0.0487256,0.154222,0.770829,0.00152261,3.53092e-05,-0.0121577,
-0.0486146,0.153629,0.771217,0.00495369,-0.00141466,0.0075555,
-0.0489398,0.153017,0.771039,-0.00185007,0.00337915,0.00636824,
-0.048435,0.153749,0.770523,-0.00772807,-0.00755053,-0.010954,
-0.0480988,0.152561,0.771278,0.00670756,-0.00298413,0.0105402,
-0.0480826,0.153504,0.771567,0.00452503,-0.000254586,-0.0147868,
-0.0478829,0.152806,0.771534,-0.000533368,-0.0032673,0.0114189,
-0.048848,0.154393,0.770614,-0.0151021,0.0158358,-0.0260474,
-0.0484753,0.153402,0.771944,0.0214105,-0.00599814,0.0159492,
-0.0483276,0.1546,0.771854,-0.000752379,-0.0012305,-0.00998243,
-0.0480523,0.152824,0.770907,-0.0149409,-0.00434484,0.0280384,
-0.0492387,0.153354,0.771055,0.00133773,0.0107449,-0.00480419,
-0.0486397,0.153573,0.771271,0.00163726,-0.00453996,-0.0016603,
-0.0476249,0.153751,0.771227,-0.000608939,-0.0139345,-0.00243289,
-0.0482687,0.154497,0.770397,-0.00862487,0.00669248,-0.00776053,
-0.0496193,0.154309,0.770371,-0.0003885,0.0201437,0.00280329,
-0.0486088,0.153328,0.770854,0.00631534,-0.0132017,0.0128166,
-0.047981,0.152872,0.771501,0.00646218,-0.00627281,0.00455479,
-0.0495764,0.153411,0.770039,-0.0227694,0.0248459,-0.00838967,
-0.047885,0.154641,0.770349,0.0049196,-0.0268413,-0.0195098,
-0.0479279,0.15402,0.771202,0.0108311,0.000544004,0.0078754,
-0.0485514,0.15309,0.770798,-0.0036896,0.00569333,0.00849124,
-0.0489059,0.153449,0.770766,-0.000474602,0.00526539,-0.00532377,
-0.047699,0.154717,0.770888,0.00116637,-0.0115316,-0.0121209,
-0.0484667,0.153573,0.771765,0.0126102,0.0110391,0.0164495,
-0.0486258,0.153787,0.771501,-0.00252783,0.00152312,-0.00204723,
-0.0489706,0.154288,0.77095,-0.00845298,0.00528974,-0.00768989,
-0.0480559,0.153461,0.771144,0.00165825,-0.00782469,0.00707894,
-0.048741,0.153758,0.7707,-0.0072089,0.01113,-0.00482901,
-0.0481182,0.153964,0.771216,0.00859831,-0.0103779,-0.00342984,
-0.0485115,0.153409,0.771378,0.00249559,0.00606113,0.00855729,
-0.048031,0.153111,0.771739,0.00608204,-0.00810132,0.00501426,
-0.0475518,0.154288,0.77229,0.00886262,-0.00770949,-0.0189351,
-0.0486388,0.155072,0.7707,-0.0142368,0.00973634,-0.00702217,
-0.0487039,0.153862,0.770236,-0.00678204,0.000951137,0.0177033,
-0.048882,0.153285,0.771178,0.00827033,0.00156397,0.0050616,
-0.048766,0.154061,0.770792,-0.00627655,-0.00188245,-0.0125981,
-0.0488771,0.154039,0.771049,0.0044452,0.00191638,0.000380885,
-0.0483752,0.153941,0.771283,0.00387767,-0.00831734,0.00162228,
-0.0485249,0.154368,0.771404,0.00200316,0.00248625,-0.0070888,
-0.0478796,0.154206,0.771231,-0.00288989,-0.0107958,0.00271114,
-0.0476842,0.153343,0.770372,-0.0146497,-0.00333052,0.0147142,
-0.0477901,0.154341,0.771002,0.0100059,0.00167963,-0.0158296,
-0.0479978,0.154702,0.770876,-0.00203081,0.00334061,-0.00581377,
-0.0488492,0.153581,0.77157,0.0107304,0.0131703,0.0173521,
-0.0482199,0.152593,0.77116,-0.00671272,-0.0103075,0.0161804,
-0.0472788,0.154605,0.770716,-0.00673743,-0.0142861,-0.0305546,
-0.0482806,0.15381,0.770033,-0.00628259,0.00921305,0.00731206,
-0.0488929,0.152753,0.770854,0.0124016,0.00924685,0.01597,
-0.0488798,0.153071,0.771563,0.00621217,-0.000115174,-0.00279398,
-0.0467895,0.153843,0.77089,-0.0109511,-0.0340527,-0.0125758,
-0.0481471,0.154324,0.770562,-0.00565501,0.0233839,-0.00828154,
-0.0474418,0.152814,0.771932,0.0227172,-0.0116951,0.0250442,
-0.0484344,0.154921,0.770825,-0.018557,0.016643,-0.0353352,
-0.0480344,0.153361,0.770918,0.00149877,-0.00646351,0.0252145,
-0.048817,0.153918,0.770531,-0.00320062,0.00647201,-0.00460499,
-0.0486049,0.153771,0.771092,0.0083329,-0.00315158,0.00218511,
-0.0483976,0.153734,0.772023,0.00828421,-0.00184362,0.000326695,
-0.0487693,0.154795,0.770782,-0.020194,0.00604605,-0.0172623,
-0.0483763,0.152767,0.77126,0.00795298,-0.0065369,0.033732,
-0.0475741,0.152805,0.771331,0.00110645,-0.0125142,-0.000593205,
-0.0483681,0.153815,0.771231,-0.00166514,0.0132499,-0.0168546,
-0.0479756,0.153234,0.771881,0.0103504,-0.00625423,0.00926364,
-0.0470934,0.153686,0.771121,-0.0116236,-0.013497,-0.00690647,
-0.0476219,0.152553,0.7722,0.0100559,0.00492578,0.0105603,
-0.0480973,0.154288,0.770711,-0.0224366,0.00716649,-0.0261568,
-0.0474086,0.154345,0.771095,0.00332563,-0.00597384,-0.000494347,
-0.0484571,0.153203,0.771013,-0.00128549,0.016567,0.0180465,
-0.0476129,0.154712,0.770867,-0.0024622,-0.0141937,-0.0253794,
-0.0492611,0.15262,0.770992,0.00201084,0.0265535,0.0337133,
-0.0483693,0.152864,0.772004,0.0167659,-0.0147747,-0.00405148,
-0.0482942,0.153394,0.770936,-0.0173763,-0.00122309,-0.00861782,
-0.0483879,0.153744,0.771117,0.00158073,0.000816687,-0.0030489,
-0.048914,0.154178,0.770525,-0.00910022,0.00808685,-0.0066717,
-0.047386,0.154837,0.771287,0.00662546,-0.0132947,-0.00573926,
-0.0483356,0.153383,0.771315,0.000462772,0.015423,0.0236152,
-0.048585,0.153746,0.771213,-0.0017103,0.00418769,-0.00608188,
-0.0477457,0.153159,0.771526,0.0051687,-0.0138839,0.00970981,
-0.0492145,0.153906,0.770801,-0.012054,0.0244138,-0.0124198,
-0.049029,0.153937,0.770693,-0.00168655,-0.00290888,-0.000493116,
-0.0488957,0.15326,0.770875,0.0015424,-0.00113249,0.00575856,
-0.0491451,0.154657,0.771003,0.00194619,0.00378159,-0.0211852,
-0.0478079,0.152729,0.771152,0.00129412,-0.0115667,0.0166723,
-0.0494035,0.154758,0.770648,-0.00786149,0.0248729,-0.0316264,
-0.0487797,0.153287,0.771329,0.00589538,-0.00540557,0.0127477,
-0.0497315,0.153224,0.770459,-0.0128819,0.014102,0.000934989,
-0.0485666,0.153021,0.771439,0.00859338,-0.0102193,0.00177578,
-0.0477098,0.152473,0.771634,0.00315324,-0.0138493,0.00886795,
-0.0496791,0.154226,0.770819,-0.0140878,0.0340342,-0.0303018,
-0.048005,0.153046,0.771287,0.00773576,-0.0276383,0.0194823,
-0.0485257,0.154199,0.770655,-0.0106837,0.00879805,-0.0194902,
-0.0489004,0.153902,0.77069,0.000585752,0.00620044,0.00491455,
-0.0477749,0.152666,0.77167,0.00808723,-0.0092895,0.0102028,
-0.0479876,0.153184,0.77081,-0.0124673,0.00308361,-0.00751043,
-0.0479288,0.153337,0.771449,0.0056133,-0.000517132,-0.00134441,
-0.0489948,0.153644,0.770423,-0.0164963,0.0171401,-0.00493294,
-0.0473411,0.153344,0.771972,0.0257473,-0.0274794,0.0049799,
-0.0479545,0.153605,0.771377,-0.00972521,0.0100142,-0.00425277,
-0.0493303,0.153714,0.771278,-0.00154315,0.0215348,-0.00171271,
-0.0490662,0.152872,0.771241,-0.000320019,-0.00228656,0.00729464,
-0.048443,0.153785,0.771135,-0.00174131,-0.0101949,-0.0149377,
-0.0493993,0.153257,0.770304,-0.012867,0.0148159,0.00818016,
-0.0476663,0.153144,0.771033,0.00658735,-0.0156533,0.0010183,
-0.0488504,0.153607,0.770874,-0.00259137,0.0192882,-0.00753525,
-0.0491756,0.154255,0.770629,-0.00413552,0.00547503,-0.010907,
-0.048356,0.153142,0.770958,0.00519192,-0.0129277,0.017549,
-0.0485348,0.153401,0.770638,-0.00527109,0.00295036,-0.00426112,
-0.0483685,0.153505,0.77123,0.00958315,-0.0026971,-0.00168688,
-0.0485229,0.154349,0.771394,0.00276548,0.00259671,-0.0141874,
-0.0473561,0.153854,0.771035,-0.00311515,-0.0101283,0.00429427,
-0.0486978,0.153685,0.770644,-0.006018,0.0206287,0.00259891,
-0.0498991,0.153024,0.771088,0.00382124,0.0103376,0.00569031,
-0.0488725,0.15289,0.771193,0.00172637,-0.0167988,0.00217869,
-0.0487687,0.153634,0.77016,-0.0168104,-0.00168942,-0.0120946,
-0.047809,0.153737,0.772,0.0289546,-0.0151045,-0.00163389,
-0.0492889,0.153268,0.770459,-0.0246404,0.023664,0.00750421,
-0.0486464,0.152979,0.771525,0.0174055,-0.0104934,0.00472205,
-0.0482242,0.153552,0.771211,-0.00523771,-0.00703578,-0.00955612,
-0.0472703,0.154225,0.771211,5.21677e-07,-0.00834886,-0.00589052,
-0.0483675,0.153492,0.769963,-0.0183812,0.0161589,0.010795,
-0.0485673,0.154683,0.770595,0.00536338,0.0016947,-0.010095,
-0.048585,0.153001,0.771232,0.0105342,0.000293712,0.0278299,
-0.0488892,0.153121,0.771194,-0.000635718,0.00507679,-0.00200391,
-0.0487367,0.153061,0.771429,0.00376682,-0.00243997,0.000971982,
-0.0487448,0.15492,0.770647,-0.0133037,0.000138116,-0.0316183,
-0.0485278,0.152844,0.77018,-0.00746512,-0.00347156,0.0332061,
-0.0485958,0.154355,0.771106,0.00825319,0.000605657,-0.0134634,
-0.0488282,0.153514,0.77119,0.00128746,0.00358086,0.0129547,
-0.0481415,0.154154,0.770163,-0.00886695,-0.00592954,-0.00552724,
-0.048086,0.154243,0.77056,0.00634562,-0.000887056,-0.00141262,
-0.0484359,0.152301,0.771353,0.0132093,0.00583267,0.0323733,
-0.0493997,0.154509,0.770673,-0.0107891,0.0153026,-0.0350626,
-0.04858,0.155203,0.769893,-0.0131213,-0.0137811,-0.0116743,
-0.0477032,0.154425,0.77023,0.00549681,-0.0142808,0.0126833,
-0.0482297,0.151819,0.771392,0.0100574,0.00455914,0.0225604,
-0.0480393,0.152681,0.770759,-0.00937657,-0.00282339,-0.0127705,
-0.0478883,0.15368,0.771174,0.00362436,-0.00131717,-0.00871597,
-0.0489876,0.154383,0.770539,-0.0100244,0.0173385,-0.0110999,
-0.0485729,0.152482,0.770877,0.00290384,-0.00356127,0.0163333,
-0.0489629,0.154396,0.769709,-0.0168025,0.00560887,-0.0275397,
-0.0477885,0.153726,0.771257,0.0139543,-0.0105822,0.00604082,
-0.0479715,0.153245,0.771559,0.00492976,0.00298597,0.00784079,
-0.0483811,0.152831,0.771066,-0.00824946,0.00685021,0.00693643,
-0.0483076,0.153393,0.770289,-0.0126226,-0.00119353,-0.00912558,
-0.0493847,0.152947,0.77049,0.0033522,0.0179422,0.00742701,
-0.0477227,0.154385,0.771241,0.0118414,-0.0261876,-0.0226586,
-0.0486978,0.153281,0.77135,0.000934712,0.00839272,0.00950051,
-0.0472391,0.154255,0.771421,0.00108641,-0.0221758,-0.0148054,
-0.0480922,0.152817,0.771383,-0.000337561,0.00751424,0.0126686,
-0.0487488,0.153563,0.770496,-0.014093,0.0104248,-0.0118556,
-0.0476281,0.154961,0.770213,-0.00471594,-0.0187219,-0.0233579,
-0.0490323,0.154256,0.770431,0.00348526,0.0224589,0.0112794,
-0.0480041,0.152572,0.770738,0.00483827,-0.0161886,0.0265215,
-0.0492648,0.152919,0.771207,0.00749277,0.0201643,-0.00555023,
-0.048429,0.153272,0.771171,-0.0005985,-0.0140117,-0.00591656,
-0.0489198,0.15303,0.771715,0.00485816,0.0043857,0.0021584,
-0.0486007,0.154116,0.770705,-0.0139746,-0.00441613,-0.0150256,
-0.0491438,0.154673,0.770501,-0.00187011,0.00496536,-0.00509511,
-0.0480916,0.153863,0.770527,0.000422137,-0.0167838,0.0129163,
-0.0482466,0.154294,0.770069,-0.00744231,0.00251775,-0.00698939,
-0.0485259,0.152031,0.77103,0.0149637,0.0043463,0.035214,
-0.0490302,0.154275,0.770667,-0.00600275,0.00832324,-0.0370256,
-0.0484287,0.153411,0.771548,0.0143619,-0.00979761,0.0140619,
-0.0487499,0.1535,0.770763,-0.00700748,0.00286715,-0.000790223,
-0.0469015,0.153544,0.770995,0.00339601,-0.0271299,-0.000644734,
-0.0484847,0.153988,0.770213,-0.00699373,0.0141699,-0.00397592,
-0.0486556,0.153886,0.770918,0.0113342,0.00274726,0.00165035,
-0.0492738,0.154364,0.770691,-0.00380612,0.0103759,-0.00803087,
-0.048369,0.153673,0.770335,-0.00553441,-0.0140447,0.0107297,
-0.0479729,0.1538,0.770376,0.000659436,-0.00635078,-0.00203398,
-0.0489819,0.15416,0.770402,0.00042348,0.0164419,-0.00586777,
-0.0487684,0.153366,0.770731,0.00549095,-0.00355955,0.0132329,
-0.0482597,0.153352,0.770637,-0.000842331,-0.00453896,0.0001251,
-0.0479718,0.154178,0.770646,0.000141803,-0.0043627,-0.0125089,
-0.0488027,0.153928,0.771223,0.00496853,0.00715211,0.00214821,
-0.049548,0.152709,0.770952,-0.00438944,0.0120605,0.0197303,
-0.0486723,0.153313,0.770833,-0.00197317,-0.0145606,-0.0100502,
-0.048122,0.154107,0.769888,-0.0152291,-0.00885979,-0.0127798,
-0.0484782,0.152685,0.771407,0.0256265,0.00601024,0.0239952,
-0.0486252,0.152834,0.7715,0.00150414,0.00237332,-0.00241572,
-0.0484915,0.152418,0.771005,-0.00433476,-0.00117194,0.0036473,
-0.0487594,0.154038,0.770397,-0.00911162,0.00401155,-0.024257,
-0.0483329,0.153328,0.770534,0.0011841,-0.00367646,0.00611777,
-0.0479164,0.153273,0.771351,0.0128736,-0.00656346,0.000877,
-0.0491615,0.153654,0.770481,-0.0138098,0.0197749,-0.00605573,
-0.0486464,0.153031,0.770851,0.00578427,-0.00806973,0.00975179,
-0.0483308,0.15405,0.770362,-0.00784908,-0.00507601,-0.0163771,
-0.0483925,0.153527,0.770797,0.00683314,0.000971934,0.00822599,
-0.048996,0.153856,0.770396,-0.00377546,0.00569196,-0.00310747,
-0.0487352,0.153813,0.770848,0.00665149,-0.00384081,0.000637896,
-0.0480551,0.153739,0.771322,0.00401741,-0.00576915,0.000630217,
-0.0495816,0.153436,0.771337,0.000234901,0.0238736,0.00473111,
-0.0480338,0.152458,0.7718,0.0042009,-0.0140487,0.00888357,
-0.0477985,0.152768,0.77052,-0.0189604,-0.00348682,-0.00459817,
-0.0484179,0.15452,0.770615,0.000711044,0.00459539,-0.0130002,
-0.0489268,0.153101,0.770692,0.00119767,0.00791545,0.0220732,
-0.0483777,0.154224,0.771219,0.00545959,-0.00569351,-0.0116407,
-0.0485404,0.154441,0.770809,-0.00599586,0.00238116,-0.00318252,
-0.0483158,0.153307,0.770934,0.00165587,-0.00298207,0.0150574,
-0.0493448,0.153575,0.770739,-0.0017253,0.00909773,-0.00236505,
-0.0480393,0.153998,0.771573,0.00752961,-0.0117891,-0.00382482,
-0.0487653,0.153912,0.771197,-0.005454,0.0105219,0.00125141,
-0.0483845,0.152533,0.770592,-0.00566503,-0.00356963,0.0129283,
-0.0485745,0.153106,0.770693,0.00144182,0.00272624,-0.00821843,
-0.0475944,0.154395,0.77048,-0.0019185,-0.00885329,-0.0116479,
-0.0490619,0.153237,0.771381,0.0148174,0.0241292,0.0190441,
-0.0490969,0.153682,0.771019,-0.00301677,0.000290992,-0.00370858,
-0.0486255,0.153271,0.770292,-0.0106534,-0.00690909,0.00603526,
-0.0478196,0.153466,0.770881,0.00527023,-0.00721103,-0.00174994,
-0.0483693,0.151743,0.771561,0.0109003,0.00881922,0.0276498,
-0.0489744,0.154088,0.770789,-0.0127996,0.0100344,-0.0388934,
-0.0483747,0.153871,0.77061,-0.00281024,-0.00943065,0.00342093,
-0.0490337,0.153584,0.770468,-0.0022971,0.010644,0.00462548,
-0.0485373,0.153503,0.771235,0.0123535,-0.00799768,0.00130555,
-0.0480327,0.154518,0.770615,-0.00560688,-0.0045629,-0.0091797,
-0.0491521,0.154172,0.770798,0.00147077,0.00898902,0.00278001,
-0.0475223,0.152638,0.770819,0.000297744,-0.0223056,0.0209917,
-0.048604,0.153101,0.770741,-0.00075272,0.0103804,-0.00444368,
-0.0487143,0.154083,0.770732,-0.000130659,0.00157025,-0.0139727,
-0.0477191,0.154333,0.771352,0.00566632,-0.00909861,-0.00228386,
-0.0485917,0.15356,0.770864,-0.00791352,0.0141595,0.0125415,
-0.0487675,0.152686,0.77182,0.0149574,0.0027491,0.0136625,
-0.0488432,0.152915,0.771314,-0.00811905,0.00121324,-0.00367068,
-0.0486475,0.154407,0.770789,-0.00871086,-0.00324477,-0.0247409,
-0.0489395,0.15274,0.771179,0.0063464,0.00474866,0.0271142,
-0.0492159,0.152672,0.770995,-0.00296749,0.00446798,0.00109932,
-0.0477068,0.153847,0.77118,0.00166762,-0.01362,-0.0106114,
-0.048166,0.153777,0.770932,-0.00366327,0.0067746,0.00103475,
-0.0481293,0.153937,0.770922,-8.22064e-05,-0.00031627,-0.00137953,
-0.0487278,0.153193,0.771073,0.00244297,0.00973365,0.0121029,
-0.049079,0.153793,0.771151,0.0013045,0.00584121,-0.00997683,
-0.0483798,0.153822,0.770583,-0.0094408,-0.011621,-0.000484372,
-0.0481221,0.154077,0.770027,-0.00859079,-0.003984,-0.00393718,
-0.0488154,0.154199,0.770306,0.00442325,0.0109992,-0.00193718,
-0.0489368,0.153216,0.771601,0.0118337,0.00110924,0.00898153,
-0.0496284,0.154353,0.770683,-0.0136764,0.0103067,-0.0169476,
-0.0485483,0.153417,0.770818,0.00117071,-0.00941564,0.00816445,
-0.0482626,0.153186,0.771273,0.00741497,-0.00464818,0.00376179,
-0.0495073,0.153433,0.770871,-0.00669447,0.0207172,-0.00412452,
-0.048748,0.152902,0.771633,0.0124283,-0.0123857,0.00866863,
-0.04817,0.153755,0.771143,-0.00812221,-0.00958011,-0.0141422,
-0.0477646,0.153554,0.77094,-0.00329896,-0.00657995,0.00326872,
-0.0488768,0.153648,0.771237,0.00497038,0.0186158,-0.00157781,
-0.0487632,0.153766,0.771352,0.00184677,-0.00182221,-0.00188333,
-0.0485257,0.152675,0.771046,-0.0050706,-0.00393965,0.0180957,
-0.0486406,0.153967,0.771178,0.00212118,0.00185243,-0.0208368,
-0.0492751,0.153634,0.771168,-0.000166659,0.0106245,0.00558234,
-0.0482497,0.152751,0.771042,-0.00197216,-0.0160885,0.0138535,
-0.0483476,0.153815,0.771441,0.0035962,0.000882832,-0.00959689,
-0.0485629,0.153977,0.771228,-0.00314086,0.00317936,-0.00239151,
-0.0483912,0.153814,0.770945,-0.00252955,-0.00153115,0.00145555,
-0.0476005,0.154496,0.771132,0.00303082,-0.0127689,-0.01101,
-0.0493053,0.154123,0.770721,-0.00681827,0.0282837,0.00617773,
-0.0485521,0.153857,0.771383,0.0103903,-0.0118228,0.0041807,
-0.0483736,0.152486,0.771512,0.00201204,-0.00279767,0.0214886,
-0.0483216,0.154457,0.770939,-0.00920021,-0.000834741,-0.0316472,
-0.0472644,0.153651,0.77107,0.0011744,-0.00943388,0.00719454,
-0.0494044,0.153563,0.770819,-0.00378772,0.0323258,0.0013334,
-0.0486844,0.154059,0.770817,-4.22244e-05,-0.0110891,-0.00763459,
-0.0477631,0.154384,0.771245,0.00389075,-0.00836051,-0.00295633,
-0.0476567,0.153692,0.772544,0.0207337,-0.00169962,0.0110599,
-0.0480651,0.154694,0.770244,-0.0373722,0.00663677,-0.0162868,
-0.048887,0.153041,0.770751,0.00784507,0.0127232,0.025589,
-0.0484932,0.153502,0.771219,0.00424138,-0.00356895,-0.00417938,
-0.0482225,0.154273,0.770954,-0.00427904,-0.00436267,-0.0124335,
-0.0497541,0.154145,0.770183,-0.0130925,0.0260164,0.00217483,
-0.0492796,0.154108,0.770319,0.00224403,-0.00784875,0.000620412,
-0.0495345,0.154113,0.770025,-0.00494702,0.0043006,-8.49813e-05,
-0.0480865,0.153356,0.7709,0.0144641,-0.0239545,0.0125254,
-0.0490352,0.154761,0.77033,-0.00947165,0.0157761,-0.0233612,
-0.0482492,0.152139,0.771128,0.0124076,-0.0122144,0.0407352,
-0.0473811,0.153932,0.771119,-0.000150618,-0.0137104,-0.0283087,
-0.0485766,0.15401,0.770861,-0.00411552,0.0190588,-0.00124102,
-0.0481232,0.151596,0.771012,0.00248105,-0.00745228,0.039677,
-0.047835,0.153503,0.770429,-0.00526912,-0.00260793,-0.0172597,
-0.0471468,0.154744,0.77114,0.0104696,-0.0101344,-0.0182685,
-0.0484259,0.152673,0.771174,0.000294557,0.0112674,0.0182489,
-0.0495132,0.154048,0.770604,-0.00944575,0.0180283,-0.0227981,
-0.0496415,0.153801,0.770848,0.00404769,0.00213054,0.00409024,
-0.0492048,0.153177,0.770675,-0.00272484,-0.00686149,0.00980988,
-0.048612,0.154541,0.770749,0.00118593,-0.00943543,-0.0217079,
-0.0472437,0.153818,0.771523,0.0125322,-0.0221697,0.011707,
-0.0473254,0.152852,0.770969,-0.00922395,0.00136175,0.0160915,
-0.0485815,0.153483,0.770522,-0.00402164,0.0113153,-0.00568533,
-0.0484365,0.153265,0.771275,0.0102813,-0.00198097,0.00297799,
-0.048442,0.154057,0.770644,-0.00560382,4.8909e-05,-0.00703231,
-0.0490359,0.153825,0.771036,0.00581011,0.00881362,0.00343353,
-0.0482942,0.154645,0.771233,0.0017988,-0.00676016,-0.00747226,
-0.0485254,0.153999,0.770975,-0.00392595,0.00351138,0.00981148,
-0.0477678,0.152611,0.771624,0.00839373,-0.00978884,0.0179311,
-0.0482208,0.153517,0.770884,-0.00738899,0.00452377,-0.00904605,
-0.0484816,0.153228,0.770913,0.0004275,0.00397116,0.00441046,
-0.0482895,0.154372,0.770892,-0.000325028,-0.00305294,-0.0181954,
-0.0488737,0.153912,0.771356,0.00573256,0.00721211,0.00567811,
-0.0486278,0.152948,0.770681,-0.00750391,-0.00272996,0.0107049,
-0.047945,0.152945,0.770597,-0.00119613,-0.00982281,5.12319e-05,
-0.0482661,0.15301,0.771161,0.00494616,0.00282057,-0.000570037,
-0.0484837,0.153712,0.771284,0.00165848,0.0029223,-0.0094372,
-0.0476197,0.154558,0.770912,-0.00355325,-0.00825337,-0.00807524,
-0.0480807,0.153931,0.770507,-0.00594764,0.00677152,0.00920247,
-0.0488425,0.153533,0.770692,0.00165258,0.0068092,0.00356221,
-0.0496067,0.153895,0.770292,-0.00614482,0.0117349,-0.00557135,
-0.0481523,0.154279,0.7706,0.00493182,-0.0232847,-0.00614974,
-0.0493834,0.153682,0.770542,-0.000486108,0.0103828,0.00503916,
-0.0485535,0.153527,0.770838,0.00420614,-0.0118222,0.00220517,
-0.0482971,0.153758,0.770296,-0.00443132,-0.00209851,-0.00189274,
-0.0484504,0.15275,0.771411,0.0106216,0.00146066,0.00960604,
-0.0488197,0.15314,0.770791,-0.00917592,0.00546662,-0.00576737,
-0.0481499,0.153295,0.770571,-0.00193074,-0.00587376,-0.00135672,
-0.0473247,0.153185,0.771589,0.0156504,-0.0126792,0.00167915,
-0.0499047,0.153413,0.771416,-0.00269273,0.0400543,-0.003529,
-0.0483176,0.153759,0.771757,0.0029088,-0.0135149,-0.00294877,
-0.0477971,0.153962,0.770972,-0.0129396,-0.00857213,-0.00334681,
-0.0496163,0.153852,0.770763,-0.00307722,0.0268578,0.00163386,
-0.0481516,0.153266,0.771343,0.00546829,-0.0138047,0.00552053,
-0.0489466,0.154189,0.771386,0.000689584,0.0128807,-0.014955,
-0.0479602,0.152884,0.77072,-0.00483321,-0.00716217,0.00947132,
-0.0485478,0.153212,0.770879,0.00150858,0.00558912,-0.00311312,
-0.0480079,0.15374,0.771083,0.00286798,-0.00759938,-0.00743314,
-0.048723,0.153612,0.770887,-0.00185093,0.00674547,0.00120996,
-0.048551,0.154695,0.770852,-0.000274082,-0.00137974,-0.00869243,
-0.0491086,0.153875,0.771303,0.00626587,0.00775186,0.0114035,
-0.0484891,0.15375,0.77096,-0.00330473,-0.00596604,0.00119744,
-0.0484863,0.153647,0.770367,-0.00846243,-4.04273e-05,0.00147238,
-0.0478842,0.154379,0.771104,0.00651937,-0.00532523,-0.00647469,
-0.0487503,0.154415,0.770609,-0.00840883,0.0147158,-0.00060866,
-0.047897,0.153382,0.771636,0.0164962,-0.0136954,0.0165747,
-0.0484542,0.154531,0.770685,-0.0149171,0.00873977,-0.0180196,
-0.049084,0.1535,0.771289,0.00995071,0.0103862,0.0170014,
-0.0475318,0.153562,0.7716,0.00490578,-0.0244324,-0.000973134,
-0.0487247,0.153107,0.770129,-0.0231311,0.0187481,0.00714527,
-0.0474017,0.154563,0.771169,0.00948898,-0.0120722,-0.0132811,
-0.0487072,0.154459,0.770639,-0.0083127,0.0204898,0.00162774,
-0.0484334,0.154696,0.77159,0.01499,-0.00431404,-0.00373413,
-0.048194,0.15447,0.770465,-0.0138855,-0.0029554,0.00278726,
-0.0486212,0.153407,0.770746,0.00305991,0.00464885,0.0115754,
-0.0482744,0.154182,0.770484,-0.00385284,-0.00509898,-0.0114071,
-0.0470708,0.154567,0.770808,0.00291741,-0.0108597,-0.00346809,
-0.0483166,0.153034,0.771043,0.00389444,0.0206025,0.0253466,
-0.049271,0.153816,0.770724,-0.00500113,0.0149725,-0.0122725,
-0.0466816,0.153534,0.771885,0.018137,-0.0404653,0.00440804,
-0.047355,0.152999,0.771444,-0.00718366,0.0109786,0.00872423,
-0.0479344,0.153805,0.771499,0.000876277,0.00928846,-0.0129205,
-0.0485412,0.153504,0.771895,0.0035632,0.00545566,0.00270697,
-0.048587,0.153694,0.771115,-0.0113083,0.000664532,-0.00275859,
-0.0483258,0.153848,0.769995,-0.00997957,-0.00232618,-0.00137224,
-0.0480514,0.153705,0.770941,0.0149289,-0.00432981,0.00226497,
-0.0492327,0.154631,0.770739,-0.00170106,0.0099949,-0.00783971,
-0.0476813,0.153356,0.771176,0.00696405,-0.0247801,0.0203685,
-0.0485612,0.154605,0.770483,-0.0105864,0.0134586,-0.0191005,
-0.0492969,0.154234,0.770276,-0.0026036,0.00925026,0.00465841,
-0.0488237,0.154132,0.77084,0.00599595,-0.00503194,0.00109318,
-0.0479477,0.153489,0.771272,0.00619866,-0.0125812,0.00922587,
-0.0482755,0.152879,0.77099,-0.00257383,0.00299793,0.00557867,
-0.0493123,0.153489,0.770525,-0.00756429,0.0168385,-0.00990139,
-0.0472692,0.15455,0.771139,0.0103139,-0.0343007,-0.0178162,
-0.0482841,0.153868,0.771207,0.00103085,0.0153288,0.0103013,
-0.0489011,0.154795,0.7704,-0.00700859,0.00536167,-0.00804955,
-0.0494215,0.153163,0.770642,0.00383731,0.00827237,0.0259376,
-0.0499195,0.154663,0.771415,0.0128626,0.00828857,-0.0249723,
-0.0481348,0.153985,0.770317,-0.0178019,-0.0289502,0.0110041,
-0.0475063,0.155479,0.770188,-0.00206475,-0.0100284,-0.0238435,
-0.0474397,0.153706,0.771089,0.0142637,-0.00105303,0.0280555,
-0.0484019,0.154118,0.770984,-0.000948689,0.0087061,-0.0037237,
-0.0495753,0.153938,0.770643,-0.00468019,0.0160935,0.00246763,
-0.0478769,0.153492,0.771384,0.0068753,-0.0157584,0.00413876,
-0.0485295,0.154148,0.771147,-0.00378686,0.0104391,-0.0105002,
-0.0482048,0.154436,0.770413,-0.0119837,-0.00530333,-0.00469806,
-0.0483059,0.154199,0.770633,0.00355862,0.00163763,0.0038456,
-0.0486896,0.154015,0.770639,8.56705e-05,0.00599426,0.00287229,
-0.0473583,0.153326,0.770635,-5.78819e-05,-0.0208519,0.0107929,
-0.0496708,0.154554,0.770056,-0.00941597,0.0376075,-0.0199813,
-0.0483471,0.154491,0.770406,0.00329408,-0.012442,0.00059131,
-0.0488815,0.153868,0.771071,0.00972337,0.00782367,0.00912765,
-0.0492112,0.154008,0.770007,-0.00899713,0.00278726,-0.00118777,
-0.0488289,0.153495,0.77053,0.00652943,-0.00477101,0.00641076,
-0.0489448,0.153524,0.770874,0.00366385,0.00123198,-0.000314827,
-0.048017,0.154168,0.771055,0.0026129,-0.0134279,-0.00931163,
-0.049038,0.153683,0.770493,-0.00711652,0.0129339,0.00613682,
-0.0484302,0.153484,0.770739,0.00263531,-0.00652028,0.00213683,
-0.0484032,0.152563,0.771089,0.0052289,-0.000403783,0.0137434,
-0.0494431,0.153329,0.770816,-0.00228237,0.00868295,-0.00639558,
-0.0490345,0.152726,0.770514,-0.00417576,-0.00564557,0.00833176,
-0.0478922,0.154048,0.770149,-0.00345485,-0.0108294,-0.012532,
-0.0502051,0.154378,0.770284,0.00200853,0.0344557,-0.00491323,
-0.0484604,0.153703,0.770205,-0.000702445,-0.0155064,0.00599568,
-0.0477283,0.154386,0.770089,-0.00172788,-0.010883,-0.010152,
-0.048918,0.152968,0.771109,0.00907389,0.0105779,0.0126043,
-0.0480266,0.153999,0.770847,-0.00383788,-0.0130627,-0.0150969,
-0.0482457,0.15362,0.770773,-0.000934333,0.00274101,0.00473281,
-0.0486282,0.153692,0.770989,0.00229646,0.00406611,-0.000757989,
-0.0475628,0.153345,0.772192,0.0176681,-0.0156496,0.00508897,
-0.0488221,0.152965,0.771209,-0.0088802,0.0113812,0.00343424,
-0.0489751,0.153452,0.77101,-0.00298756,0.00229482,-0.00730056,
-0.0482941,0.153837,0.770019,-0.00851597,-0.00585249,-0.00330575,
-0.0479908,0.153463,0.770866,0.0125866,-0.00450916,0.00555943,
-0.0482073,0.154445,0.770713,-0.00113936,0.00161458,-0.00732562,
-0.0483197,0.153285,0.770616,-0.00144024,0.00166575,0.017182,
-0.0485011,0.154301,0.770202,-0.0044916,0.00196697,-0.0110173,
-0.0479023,0.153795,0.771118,0.0129878,-0.00848607,0.00716762,
-0.0491372,0.153851,0.770758,-0.00448437,0.0153862,-0.000698687,
-0.0488254,0.152571,0.771088,0.0035815,-0.00338056,0.013879,
-0.0487657,0.154666,0.77004,-0.0154523,-0.000880532,-0.0308835,
-0.0490154,0.153414,0.770248,0.00188274,0.00226464,0.0113514,
-0.0488081,0.153254,0.77114,0.0136935,-0.00318248,0.00245892,
-0.0493718,0.153238,0.77059,-0.00448985,0.00460392,0.000136064,
-0.0485492,0.154325,0.769813,-0.0066813,-0.00707191,-0.00934872,
-0.049012,0.154473,0.770252,0.00560978,0.00591299,-0.00189652,
-0.0488872,0.154339,0.770705,0.00418722,-0.00115365,0.0012474,
-0.0472791,0.153393,0.77156,0.0126412,-0.023784,0.0139899,
-0.0489568,0.15387,0.770336,-0.0157871,0.0216517,-0.00616295,
-0.0479917,0.154235,0.771635,0.0146481,-0.0108869,-0.00411084,
-0.0482562,0.153713,0.770528,-0.0159337,0.00380906,0.00751061,
-0.0484984,0.153924,0.771345,0.00744349,0.002209,-0.00192283,
-0.0489423,0.15405,0.770873,-0.00720339,0.0067745,-0.00191707,
-0.0479368,0.154793,0.771057,0.0015857,-0.00867605,-0.00641519,
-0.050296,0.154881,0.769862,-0.0172493,0.0340685,-0.00127627,
-0.0491314,0.153248,0.77136,0.0133585,-0.010387,0.0145632,
-0.0479982,0.153376,0.771185,-0.00269786,-0.0174924,-0.00196704,
-0.0489187,0.15335,0.771189,3.70338e-05,0.00783414,0.000217764,
-0.0496733,0.154076,0.770117,-0.015493,0.0108977,-0.01048,
-0.0494807,0.15355,0.770728,0.00776031,-0.00244557,0.00667639,
-0.0481611,0.153971,0.770958,0.00251625,-0.0143982,-0.00458944,
-0.0487977,0.152886,0.771877,0.0132488,0.0091791,0.0156383,
-0.0494152,0.153114,0.770389,-0.013528,0.00561218,-0.00206931,
-0.0495577,0.153477,0.770607,0.00341765,0.00223036,-0.00568544,
-0.0492615,0.153434,0.77012,-0.00414745,-0.00252183,0.000371378,
-0.0461226,0.15314,0.771472,0.0194945,-0.0452522,0.00423669,
-0.048472,0.153141,0.770537,-0.00730219,0.0183503,-6.51773e-06,
-0.049016,0.152813,0.77131,0.012088,0.00850957,0.00512937,
-0.04857,0.153378,0.77174,0.00414047,-0.00429351,-0.00544415,
-0.0482965,0.15321,0.771359,-0.00562518,-0.00404172,0.00248854,
-0.0493404,0.154507,0.770228,-0.0142886,0.0131889,-0.0163908,
-0.0489557,0.153186,0.770424,0.0020755,-0.00408055,0.0140077,
-0.0490607,0.153864,0.770497,0.00111646,0.0016173,-0.010442,
-0.0486212,0.153927,0.771137,0.00526854,-0.00361511,-0.000514426,
-0.0474266,0.15457,0.7707,-0.00557266,-0.0152176,-0.00819612,
-0.0482437,0.152939,0.771341,0.00672247,0.00856324,0.0170974,
-0.048304,0.153315,0.77033,-0.0151387,0.000902782,-0.00563664,
-0.0483997,0.154237,0.770028,-0.00374978,0.00118945,-0.0114561,
-0.0493393,0.151446,0.772122,0.0227573,0.0102149,0.0303441,
-0.047908,0.153136,0.771016,-0.0158693,-0.0205365,-0.0242559,
-0.0477565,0.153931,0.77115,0.00115886,-0.00130472,-0.00684887,
-0.0489973,0.152528,0.771049,-0.00139541,0.0171587,0.0194095,
-0.0488193,0.154947,0.76997,-0.010262,-0.00169335,-0.0230081,
-0.0491174,0.15404,0.770056,0.00129259,0.00451246,0.0137371,
-0.0484217,0.153157,0.770768,0.0059295,-0.00579359,0.00734537,
-0.0477582,0.153437,0.771417,0.00833612,-0.00852444,-0.00358786,
-0.0490972,0.152611,0.770645,-0.00815178,0.0141389,0.00872011,
-0.0492766,0.154521,0.770263,-0.00547969,0.00257851,-0.0274456,
-0.0482899,0.153326,0.770378,0.00151216,-0.0130309,0.0157842,
-0.0491057,0.153805,0.770275,-0.00105909,0.00841283,-0.00494511,
-0.0480731,0.154178,0.770841,0.00849869,-0.0154974,-0.00559214,
-0.0468686,0.154133,0.771466,0.00553408,-0.0106784,0.000394197,
-0.0479412,0.153271,0.770671,-0.0115125,0.0155363,0.0124886,
-0.0490036,0.154249,0.769892,-0.00642518,0.00876798,-0.00806505,
-0.0487382,0.153651,0.771028,0.00969334,-0.00226424,0.00510104,
-0.0490872,0.153578,0.770366,-0.00809395,0.0042672,0.000889124,
-0.0480338,0.153778,0.771275,0.00955756,-0.0110834,-0.00210734,
-0.0483943,0.154705,0.770834,-0.00623806,0.00509967,-0.0131186,
-0.0489603,0.154165,0.76994,-0.00801321,0.00507378,0.00484749,
-0.0495287,0.153325,0.770454,0.00779969,0.00861852,0.0127357,
-0.0483408,0.154438,0.770163,-0.00256369,-0.0104571,-0.00979695,
-0.0488986,0.15412,0.77087,0.0102216,0.00807001,0.00459284,
-0.0483208,0.15369,0.770827,-0.000534485,-0.0072271,0.00538193,
-0.0482526,0.154666,0.770679,-0.00158997,-0.000731186,-0.010472,
-0.0473049,0.154403,0.771165,0.00723503,-0.0141052,0.00391136,
-0.0483624,0.15327,0.770328,-0.00714152,0.00902469,0.00967055,
-0.0489112,0.154574,0.769918,-0.00495959,0.00664275,-0.0157872,
-0.0486316,0.154626,0.770263,0.00370933,-0.00300778,-0.000554156,
-0.0481091,0.153037,0.772326,0.0289376,-0.00733139,0.022287,
-0.0490691,0.153518,0.77079,-0.0195675,0.0122303,-0.00612486,
-0.048466,0.154751,0.770729,-0.000890499,-0.00881606,-0.0180307,
